BR,TB,CG
0.05,tb2,jc
0.156,tb2,jc
0.159,tb2,jc
0.087,tb2,jc
0.325,tb2,jc
0.08,tb2,jc
0.052,tb2,jc
0.069,tb2,jc
0.036,tb2,jc
0.207,tb2,jc
0.556,tb2,jc
0.044,tb2,jc
0.073,tb2,jc
0.081,tb2,jc
0.118,tb2,jc
0.134,tb2,jc
0.533,tb2,jc
0.052,tb2,jc
0.101,tb2,jc
0.072,tb2,jc
0.065,tb2,jc
0.328,tb2,jc
0.165,tb2,jc
0.127,tb2,jc
0.532,tb2,jc
0.039,tb2,jc
0.151,tb2,jc
0.588,tb2,jc
0.105,tb2,jc
0.047,tb2,jc
0.036,tb2,jc
0.047,tb2,jc
0.054,tb2,jc
0.097,tb2,jc
0.077,tb2,jc
0.078,tb2,jc
0.051,tb2,jc
0.088,tb2,jc
0.102,tb2,jc
0.107,tb2,jc
0.154,tb2,jc
0.096,tb2,jc
0.125,tb2,jc
0.043,tb2,jc
0.66,tb2,jc
0.094,tb2,jc
0.13,tb2,jc
0.048,tb2,jc
0.111,tb2,jc
0.161,tb2,jc
0.05,tb2,jc
0.115,tb2,jc
0.051,tb2,jc
0.171,tb2,jc
0.06,tb2,jc
0.077,tb3,jc
0.078,tb3,jc
0.051,tb3,jc
0.088,tb3,jc
0.102,tb3,jc
0.107,tb3,jc
0.057,tb3,jc
0.088,tb3,jc
0.096,tb3,jc
0.059,tb3,jc
0.141,tb3,jc
0.147,tb3,jc
0.119,tb3,jc
0.154,tb3,jc
0.096,tb3,jc
0.125,tb3,jc
0.043,tb3,jc
0.66,tb3,jc
0.168,tb3,jc
0.076,tb3,jc
0.061,tb3,jc
0.058,tb3,jc
0.113,tb3,jc
0.079,tb3,jc
0.123,tb3,jc
0.094,tb3,jc
0.13,tb3,jc
0.048,tb3,jc
0.111,tb3,jc
0.12,tb3,jc
0.061,tb3,jc
0.057,tb3,jc
0.049,tb3,jc
0.077,tb3,jc
0.076,tb3,jc
0.1,tb3,jc
0.161,tb3,jc
0.05,tb3,jc
0.115,tb3,jc
0.11,tb3,jc
0.048,tb3,jc
0.036,tb3,jc
0.038,tb3,jc
0.045,tb3,jc
0.042,tb3,jc
0.069,tb3,jc
0.051,tb3,jc
0.171,tb3,jc
0.55,tb3,jc
0.05,tb3,jc
0.041,tb3,jc
0.041,tb3,jc
0.058,tb3,jc
0.053,tb3,jc
0.078,tb3,jc
0.06,tb3,jc
0.035,tb3,jc
0.073,tb3,jc
0.087,tb3,jc
0.102,tb3,jc
0.073,tb3,jc
0.074,tb3,jc
0.072,tb3,jc
0.18,tb3,jc
0.084,tb3,jc
0.074,tb3,jc
0.054,tb3,jc
0.09,tb3,jc
0.071,tb3,jc
0.102,tb3,jc
0.069,tb3,jc
0.059,tb3,jc
0.062,tb3,jc
0.07,tb3,jc
0.071,tb3,jc
0.086,tb3,jc
0.177,tb3,jc
0.123,tb3,jc
0.134,tb3,jc
0.174,tb3,jc
0.076,tb3,jc
0.765,tb3,jc
0.128,tb3,jc
0.14,tb3,jc
0.076,tb3,jc
0.081,tb3,jc
0.147,tb3,jc
0.076,tb3,jc
0.14,tb3,jc
0.092,tb3,jc
0.099,tb3,jc
0.179,tb4,en
0.148,tb4,en
0.192,tb4,en
0.058,tb4,en
0.196,tb4,en
0.106,tb4,en
0.801,tb4,en
0.067,tb4,en
0.207,tb4,en
0.238,tb4,en
0.073,tb4,en
0.185,tb4,en
0.124,tb4,en
0.116,tb4,en
0.08,tb4,en
0.878,tb4,en
0.067,tb4,en
0.191,tb4,en
0.156,tb4,en
0.124,tb4,en
0.083,tb4,en
0.08,tb4,en
0.255,tb4,en
0.195,tb4,en
0.165,tb4,en
0.103,tb4,en
0.056,tb4,en
0.089,tb4,en
0.06,tb4,en
0.134,tb4,en
0.154,tb4,en
0.218,tb4,en
0.097,tb4,en
0.106,tb4,en
0.131,tb4,en
0.068,tb4,en
0.207,tb5,en
0.238,tb5,en
0.073,tb5,en
0.185,tb5,en
0.124,tb5,en
0.116,tb5,en
0.08,tb5,en
0.12,tb5,en
0.15,tb5,en
0.05,tb5,en
0.164,tb5,en
0.878,tb5,en
0.067,tb5,en
0.191,tb5,en
0.156,tb5,en
0.124,tb5,en
0.083,tb5,en
0.23,tb5,en
0.158,tb5,en
0.06,tb5,en
0.779,tb5,en
0.08,tb5,en
0.255,tb5,en
0.195,tb5,en
0.165,tb5,en
0.103,tb5,en
0.244,tb5,en
0.154,tb5,en
0.066,tb5,en
0.813,tb5,en
0.056,tb5,en
0.089,tb5,en
0.06,tb5,en
0.134,tb5,en
0.079,tb5,en
0.052,tb5,en
0.088,tb5,en
0.088,tb5,en
0.154,tb5,en
0.218,tb5,en
0.097,tb5,en
0.176,tb5,en
0.236,tb5,en
0.071,tb5,en
0.217,tb5,en
0.106,tb5,en
0.131,tb5,en
0.182,tb5,en
0.099,tb5,en
0.109,tb5,en
0.229,tb5,en
0.068,tb5,en
0.102,tb5,en
0.258,tb5,en
0.049,tb5,en
0.123,tb5,en
0.13,tb5,en
0.073,tb5,en
0.757,tb5,en
0.13,tb5,en
0.136,tb5,en
0.123,tb5,en
0.257,tb5,en
0.058,tb5,en
0.154,tb5,en
0.107,tb5,en
0.089,tb1,ny
0.004,tb1,ny
0.02,tb1,ny
0.117,tb1,ny
0.11,tb1,ny
0.078,tb1,ny
0.636,tb1,ny
0.01,tb1,ny
0.016,tb1,ny
0.099,tb1,ny
0.099,tb1,ny
0.061,tb1,ny
0.1,tb1,ny
0.053,tb1,ny
0.013,tb1,ny
0.013,tb1,ny
0.017,tb1,ny
0.015,tb1,ny
0.02,tb1,ny
0.014,tb1,ny
0.009,tb1,ny
0.013,tb1,ny
0.75,tb1,ny
0.133,tb1,ny
0.48,tb1,ny
0.171,tb1,ny
0.549,tb1,ny
0.215,tb1,ny
0.089,tb2,ny
0.06,tb2,ny
0.153,tb2,ny
0.141,tb2,ny
0.006,tb2,ny
0.004,tb2,ny
0.004,tb2,ny
0.015,tb2,ny
0.078,tb2,ny
0.636,tb2,ny
0.057,tb2,ny
0.34,tb2,ny
0.022,tb2,ny
0.041,tb2,ny
0.032,tb2,ny
0.184,tb2,ny
0.066,tb2,ny
0.078,tb2,ny
0.012,tb2,ny
0.004,tb2,ny
0.007,tb2,ny
0.025,tb2,ny
0.061,tb2,ny
0.1,tb2,ny
0.034,tb2,ny
0.024,tb2,ny
0.023,tb2,ny
0.06,tb2,ny
0.026,tb2,ny
0.042,tb2,ny
0.051,tb2,ny
0.048,tb2,ny
0.001,tb2,ny
0.001,tb2,ny
0.014,tb2,ny
0.046,tb2,ny
0.07,tb2,ny
0.014,tb2,ny
0.01,tb2,ny
0.011,tb2,ny
0.041,tb2,ny
0.015,tb2,ny
0.602,tb2,ny
0.013,tb2,ny
0.023,tb2,ny
0.016,tb2,ny
0.025,tb2,ny
0.056,tb2,ny
0.082,tb2,ny
0.075,tb2,ny
0.082,tb2,ny
0.026,tb2,ny
0.055,tb2,ny
0.076,tb2,ny
0.01,tb2,ny
0.011,tb2,ny
0.006,tb2,ny
0.019,tb2,ny
0.061,tb2,ny
0.088,tb2,ny
0.052,tb2,ny
0.053,tb2,ny
0.022,tb2,ny
0.044,tb2,ny
0.049,tb2,ny
0.131,tb2,ny
0.092,tb2,ny
0.075,tb2,ny
0.009,tb2,ny
0.012,tb2,ny
0.079,tb2,ny
0.06,tb2,ny
0.056,tb2,ny
0.036,tb2,ny
0.036,tb2,ny
0.215,tb2,ny
0.042,tb2,ny
0.012,tb2,ny
0.017,tb2,ny
0.404,tb2,ny
0.098,tb2,ny
0.064,tb2,ny
0.017,tb2,ny
0.043,tb2,ny
0.056,tb2,ny
0.014,tb2,ny
0.013,tb2,ny
0.073,tb2,ny
0.087,tb2,ny
0.091,tb2,ny
0.034,tb2,ny
0.484,tb2,ny
0.016,tb2,ny
0.018,tb2,ny
0.051,tb2,ny
0.042,tb2,ny
0.04,tb2,ny
0.061,tb2,ny
0.05,tb2,ny
0.215,tb2,ny
0.064,tb2,ny
0.043,tb2,ny
0.009,tb2,ny
0.023,tb2,ny
0.023,tb2,ny
0.112,tb2,ny
0.312,tb2,ny
0.036,tb2,ny
0.034,tb2,ny
0.036,tb2,ny
0.305,tb2,ny
0.092,tb2,ny
0.043,tb2,ny
0.084,tb2,ny
0.119,tb2,ny
0.031,tb2,ny
0.104,tb2,ny
0.036,tb2,ny
0.109,tb2,ny
0.037,tb2,ny
0.042,tb3,ny
0.051,tb3,ny
0.064,tb3,ny
0.059,tb3,ny
0.048,tb3,ny
0.001,tb3,ny
0.001,tb3,ny
0.014,tb3,ny
0.014,tb3,ny
0.274,tb3,ny
0.002,tb3,ny
0.008,tb3,ny
0.008,tb3,ny
0.014,tb3,ny
0.01,tb3,ny
0.011,tb3,ny
0.041,tb3,ny
0.015,tb3,ny
0.009,tb3,ny
0.008,tb3,ny
0.602,tb3,ny
0.228,tb3,ny
0.087,tb3,ny
0.013,tb3,ny
0.023,tb3,ny
0.016,tb3,ny
0.025,tb3,ny
0.051,tb3,ny
0.042,tb3,ny
0.015,tb3,ny
0.019,tb3,ny
0.01,tb3,ny
0.075,tb3,ny
0.082,tb3,ny
0.026,tb3,ny
0.055,tb3,ny
0.076,tb3,ny
0.061,tb3,ny
0.169,tb3,ny
0.183,tb3,ny
0.067,tb3,ny
0.01,tb3,ny
0.011,tb3,ny
0.006,tb3,ny
0.019,tb3,ny
0.031,tb3,ny
0.033,tb3,ny
0.006,tb3,ny
0.011,tb3,ny
0.006,tb3,ny
0.052,tb3,ny
0.053,tb3,ny
0.022,tb3,ny
0.044,tb3,ny
0.049,tb3,ny
0.041,tb3,ny
0.109,tb3,ny
0.112,tb3,ny
0.015,tb3,ny
0.09,tb3,ny
0.017,tb3,ny
0.028,tb3,ny
0.325,tb3,ny
0.059,tb3,ny
0.015,tb3,ny
0.018,tb3,ny
0.013,tb3,ny
0.442,tb3,ny
0.075,tb3,ny
0.034,tb3,ny
0.055,tb3,ny
0.081,tb3,ny
0.037,tb3,ny
0.039,tb3,ny
0.023,tb3,ny
0.014,tb3,ny
0.013,tb3,ny
0.085,tb3,ny
0.037,tb3,ny
0.064,tb3,ny
0.016,tb3,ny
0.216,tb3,ny
0.17,tb3,ny
0.049,tb3,ny
0.041,tb3,ny
0.024,tb3,ny
0.545,tb3,ny
0.039,tb3,ny
0.023,tb3,ny
0.014,tb3,ny
0.131,tb3,ny
0.092,tb3,ny
0.075,tb3,ny
0.061,tb3,ny
0.225,tb3,ny
0.096,tb3,ny
0.111,tb3,ny
0.123,tb3,ny
0.079,tb3,ny
0.06,tb3,ny
0.056,tb3,ny
0.036,tb3,ny
0.036,tb3,ny
0.019,tb3,ny
0.016,tb3,ny
0.215,tb3,ny
0.042,tb3,ny
0.247,tb3,ny
0.032,tb3,ny
0.103,tb3,ny
0.062,tb3,ny
0.088,tb3,ny
0.404,tb3,ny
0.098,tb3,ny
0.064,tb3,ny
0.017,tb3,ny
0.043,tb3,ny
0.026,tb3,ny
0.051,tb3,ny
0.056,tb3,ny
0.08,tb3,ny
0.029,tb3,ny
0.169,tb3,ny
0.098,tb3,ny
0.085,tb3,ny
0.073,tb3,ny
0.087,tb3,ny
0.091,tb3,ny
0.034,tb3,ny
0.484,tb3,ny
0.056,tb3,ny
0.122,tb3,ny
0.063,tb3,ny
0.064,tb3,ny
0.052,tb3,ny
0.12,tb3,ny
0.094,tb3,ny
0.051,tb3,ny
0.042,tb3,ny
0.04,tb3,ny
0.061,tb3,ny
0.05,tb3,ny
0.03,tb3,ny
0.031,tb3,ny
0.069,tb3,ny
0.058,tb3,ny
0.049,tb3,ny
0.046,tb3,ny
0.441,tb3,ny
0.11,tb3,ny
0.069,tb3,ny
0.047,tb3,ny
0.089,tb3,ny
0.074,tb3,ny
0.056,tb3,ny
0.038,tb3,ny
0.034,tb3,ny
0.057,tb3,ny
0.058,tb3,ny
0.06,tb3,ny
0.057,tb3,ny
0.045,tb3,ny
0.062,tb3,ny
0.033,tb3,ny
0.047,tb3,ny
0.159,tb3,ny
0.065,tb3,ny
0.029,tb3,ny
0.043,tb3,ny
0.064,tb3,ny
0.03,tb3,ny
0.091,tb3,ny
0.075,tb3,ny
0.063,tb3,ny
0.532,tb3,ny
0.033,tb3,ny
0.033,tb3,ny
0.048,tb3,ny
0.354,tb3,ny
0.059,tb3,ny
0.045,tb3,ny
0.044,tb3,ny
0.051,tb3,ny
0.05,tb3,ny
0.046,tb3,ny
0.291,tb3,ny
0.023,tb3,ny
0.012,tb3,ny
0.02,tb3,ny
0.305,tb3,ny
0.092,tb3,ny
0.043,tb3,ny
0.084,tb3,ny
0.058,tb3,ny
0.059,tb3,ny
0.119,tb3,ny
0.031,tb3,ny
0.104,tb3,ny
0.353,tb3,ny
0.104,tb3,ny
0.036,tb3,ny
0.109,tb3,ny
0.085,tb3,ny
0.074,tb3,ny
0.037,tb3,ny
0.025,tb3,ny
0.023,tb3,ny
0.149,tb3,ny
0.167,tb3,ny
0.101,tb3,ny
0.112,tb4,ny
0.697,tb4,ny
0.163,tb4,ny
0.166,tb4,ny
0.325,tb4,ny
0.059,tb4,ny
0.015,tb4,ny
0.018,tb4,ny
0.013,tb4,ny
0.041,tb4,ny
0.016,tb4,ny
0.044,tb4,ny
0.057,tb4,ny
0.346,tb4,ny
0.049,tb4,ny
0.078,tb4,ny
0.033,tb4,ny
0.037,tb4,ny
0.039,tb4,ny
0.085,tb4,ny
0.055,tb4,ny
0.128,tb4,ny
0.055,tb4,ny
0.089,tb4,ny
0.085,tb4,ny
0.068,tb4,ny
0.068,tb4,ny
0.037,tb4,ny
0.064,tb4,ny
0.016,tb4,ny
0.216,tb4,ny
0.17,tb4,ny
0.099,tb4,ny
0.011,tb4,ny
0.05,tb4,ny
0.086,tb4,ny
0.037,tb4,ny
0.098,tb4,ny
0.116,tb4,ny
0.031,tb4,ny
0.023,tb4,ny
0.014,tb4,ny
0.105,tb4,ny
0.082,tb4,ny
0.064,tb4,ny
0.054,tb4,ny
0.041,tb4,ny
0.278,tb4,ny
0.091,tb4,ny
0.297,tb4,ny
0.032,tb4,ny
0.008,tb4,ny
0.013,tb4,ny
0.007,tb4,ny
0.027,tb4,ny
0.007,tb4,ny
0.034,tb4,ny
0.035,tb4,ny
0.419,tb4,ny
0.046,tb4,ny
0.045,tb4,ny
0.021,tb4,ny
0.048,tb4,ny
0.018,tb4,ny
0.063,tb4,ny
0.046,tb4,ny
0.09,tb4,ny
0.055,tb4,ny
0.086,tb4,ny
0.109,tb4,ny
0.045,tb4,ny
0.041,tb4,ny
0.006,tb4,ny
0.009,tb4,ny
0.006,tb4,ny
0.035,tb4,ny
0.008,tb4,ny
0.028,tb4,ny
0.042,tb4,ny
0.062,tb4,ny
0.041,tb4,ny
0.046,tb4,ny
0.02,tb4,ny
0.213,tb4,ny
0.02,tb4,ny
0.061,tb4,ny
0.044,tb4,ny
0.079,tb4,ny
0.048,tb4,ny
0.494,tb4,ny
0.067,tb4,ny
0.065,tb4,ny
0.044,tb4,ny
0.046,tb4,ny
0.018,tb4,ny
0.04,tb4,ny
0.028,tb4,ny
0.063,tb4,ny
0.086,tb4,ny
0.051,tb4,ny
0.069,tb4,ny
0.094,tb4,ny
0.099,tb4,ny
0.077,tb4,ny
0.061,tb4,ny
0.113,tb4,ny
0.058,tb4,ny
0.565,tb4,ny
0.076,tb4,ny
0.129,tb4,ny
0.069,tb4,ny
0.058,tb4,ny
0.049,tb4,ny
0.046,tb4,ny
0.07,tb4,ny
0.073,tb4,ny
0.041,tb4,ny
0.109,tb4,ny
0.359,tb4,ny
0.056,tb4,ny
0.068,tb4,ny
0.093,tb4,ny
0.074,tb4,ny
0.056,tb4,ny
0.049,tb4,ny
0.028,tb4,ny
0.088,tb4,ny
0.046,tb4,ny
0.087,tb4,ny
0.038,tb4,ny
0.034,tb4,ny
0.057,tb4,ny
0.14,tb4,ny
0.019,tb4,ny
0.04,tb4,ny
0.739,tb4,ny
0.021,tb4,ny
0.049,tb4,ny
0.227,tb4,ny
0.041,tb4,ny
0.033,tb4,ny
0.047,tb4,ny
0.117,tb4,ny
0.074,tb4,ny
0.12,tb4,ny
0.082,tb4,ny
0.032,tb4,ny
0.159,tb4,ny
0.065,tb4,ny
0.033,tb4,ny
0.061,tb4,ny
0.322,tb4,ny
0.041,tb4,ny
0.015,tb4,ny
0.034,tb4,ny
0.051,tb4,ny
0.651,tb4,ny
0.075,tb4,ny
0.063,tb4,ny
0.058,tb4,ny
0.035,tb4,ny
0.062,tb4,ny
0.04,tb4,ny
0.044,tb4,ny
0.532,tb4,ny
0.071,tb4,ny
0.058,tb4,ny
0.063,tb4,ny
0.063,tb4,ny
0.025,tb4,ny
0.079,tb4,ny
0.08,tb4,ny
0.139,tb4,ny
0.045,tb4,ny
0.044,tb4,ny
0.069,tb4,ny
0.04,tb4,ny
0.04,tb4,ny
0.043,tb4,ny
0.029,tb4,ny
0.103,tb4,ny
0.045,tb4,ny
0.042,tb4,ny
0.095,tb4,ny
0.019,tb4,ny
0.061,tb4,ny
0.071,tb4,ny
0.058,tb4,ny
0.012,tb4,ny
0.02,tb4,ny
0.032,tb4,ny
0.029,tb4,ny
0.03,tb4,ny
0.025,tb4,ny
0.015,tb4,ny
0.019,tb4,ny
0.043,tb4,ny
0.22,tb4,ny
0.027,tb4,ny
0.39,tb4,ny
0.117,tb4,ny
0.034,tb4,ny
0.027,tb4,ny
0.032,tb4,ny
0.051,tb4,ny
0.061,tb4,ny
0.05,tb4,ny
0.058,tb4,ny
0.019,tb4,ny
0.047,tb4,ny
0.021,tb4,ny
0.034,tb4,ny
0.032,tb4,ny
0.022,tb4,ny
0.082,tb4,ny
0.039,tb4,ny
0.179,tb4,ny
0.023,tb4,ny
0.014,tb4,ny
0.034,tb4,ny
0.022,tb4,ny
0.027,tb4,ny
0.068,tb4,ny
0.042,tb4,ny
0.094,tb4,ny
0.064,tb4,ny
0.429,tb4,ny
0.023,tb4,ny
0.025,tb4,ny
0.072,tb4,ny
0.036,tb4,ny
0.047,tb4,ny
0.034,tb4,ny
0.041,tb4,ny
0.035,tb4,ny
0.097,tb4,ny
0.179,tb4,ny
0.059,tb4,ny
0.031,tb4,ny
0.033,tb4,ny
0.098,tb4,ny
0.046,tb4,ny
0.088,tb4,ny
0.064,tb4,ny
0.048,tb4,ny
0.076,tb4,ny
0.03,tb4,ny
0.025,tb4,ny
0.036,tb4,ny
0.01,tb4,ny
0.04,tb4,ny
0.019,tb4,ny
0.06,tb4,ny
0.029,tb4,ny
0.054,tb4,ny
0.096,tb4,ny
0.067,tb4,ny
0.03,tb4,ny
0.02,tb4,ny
0.085,tb4,ny
0.044,tb4,ny
0.054,tb4,ny
0.059,tb4,ny
0.056,tb4,ny
0.073,tb4,ny
0.046,tb4,ny
0.078,tb4,ny
0.681,tb4,ny
0.103,tb4,ny
0.116,tb4,ny
0.701,tb4,ny
0.054,tb4,ny
0.067,tb4,ny
0.058,tb4,ny
0.075,tb4,ny
0.043,tb4,ny
0.054,tb4,ny
0.049,tb4,ny
0.057,tb4,ny
0.101,tb4,ny
0.047,tb4,ny
0.04,tb4,ny
0.069,tb4,ny
0.059,tb4,ny
0.584,tb4,ny
0.063,tb4,ny
0.04,tb4,ny
0.075,tb4,ny
0.065,tb4,ny
0.064,tb4,ny
0.128,tb4,ny
0.154,tb4,ny
0.659,tb4,ny
0.074,tb4,ny
0.067,tb4,ny
0.136,tb4,ny
0.046,tb4,ny
0.088,tb4,ny
0.092,tb4,ny
0.063,tb4,ny
0.278,tb5,ny
0.091,tb5,ny
0.127,tb5,ny
0.092,tb5,ny
0.053,tb5,ny
0.096,tb5,ny
0.113,tb5,ny
0.027,tb5,ny
0.007,tb5,ny
0.034,tb5,ny
0.035,tb5,ny
0.419,tb5,ny
0.046,tb5,ny
0.045,tb5,ny
0.021,tb5,ny
0.014,tb5,ny
0.063,tb5,ny
0.046,tb5,ny
0.09,tb5,ny
0.055,tb5,ny
0.086,tb5,ny
0.045,tb5,ny
0.033,tb5,ny
0.024,tb5,ny
0.109,tb5,ny
0.286,tb5,ny
0.099,tb5,ny
0.077,tb5,ny
0.156,tb5,ny
0.096,tb5,ny
0.035,tb5,ny
0.008,tb5,ny
0.028,tb5,ny
0.042,tb5,ny
0.062,tb5,ny
0.041,tb5,ny
0.046,tb5,ny
0.02,tb5,ny
0.017,tb5,ny
0.061,tb5,ny
0.044,tb5,ny
0.079,tb5,ny
0.048,tb5,ny
0.494,tb5,ny
0.098,tb5,ny
0.035,tb5,ny
0.021,tb5,ny
0.095,tb5,ny
0.085,tb5,ny
0.068,tb5,ny
0.073,tb5,ny
0.065,tb5,ny
0.04,tb5,ny
0.028,tb5,ny
0.063,tb5,ny
0.086,tb5,ny
0.051,tb5,ny
0.069,tb5,ny
0.094,tb5,ny
0.099,tb5,ny
0.042,tb5,ny
0.113,tb5,ny
0.058,tb5,ny
0.565,tb5,ny
0.076,tb5,ny
0.129,tb5,ny
0.09,tb5,ny
0.053,tb5,ny
0.035,tb5,ny
0.097,tb5,ny
0.097,tb5,ny
0.145,tb5,ny
0.092,tb5,ny
0.038,tb5,ny
0.057,tb5,ny
0.022,tb5,ny
0.047,tb5,ny
0.068,tb5,ny
0.04,tb5,ny
0.043,tb5,ny
0.016,tb5,ny
0.018,tb5,ny
0.044,tb5,ny
0.027,tb5,ny
0.052,tb5,ny
0.03,tb5,ny
0.072,tb5,ny
0.089,tb5,ny
0.03,tb5,ny
0.019,tb5,ny
0.175,tb5,ny
0.082,tb5,ny
0.108,tb5,ny
0.067,tb5,ny
0.013,tb5,ny
0.045,tb5,ny
0.052,tb5,ny
0.061,tb5,ny
0.071,tb5,ny
0.511,tb5,ny
0.025,tb5,ny
0.04,tb5,ny
0.564,tb5,ny
0.074,tb5,ny
0.075,tb5,ny
0.427,tb5,ny
0.044,tb5,ny
0.038,tb5,ny
0.075,tb5,ny
0.044,tb5,ny
0.049,tb5,ny
0.091,tb5,ny
0.45,tb5,ny
0.013,tb5,ny
0.032,tb5,ny
0.07,tb5,ny
0.023,tb5,ny
0.365,tb5,ny
0.108,tb5,ny
0.033,tb5,ny
0.028,tb5,ny
0.09,tb5,ny
0.081,tb5,ny
0.056,tb5,ny
0.066,tb5,ny
0.033,tb5,ny
0.04,tb5,ny
0.06,tb5,ny
0.05,tb5,ny
0.079,tb5,ny
0.031,tb5,ny
0.004,tb5,ny
0.023,tb5,ny
0.036,tb5,ny
0.147,tb5,ny
0.042,tb5,ny
0.032,tb5,ny
0.012,tb5,ny
0.014,tb5,ny
0.035,tb5,ny
0.02,tb5,ny
0.051,tb5,ny
0.026,tb5,ny
0.061,tb5,ny
0.318,tb5,ny
0.019,tb5,ny
0.016,tb5,ny
0.052,tb5,ny
0.013,tb5,ny
0.049,tb5,ny
0.05,tb5,ny
0.052,tb5,ny
0.044,tb5,ny
0.053,tb5,ny
0.026,tb5,ny
0.035,tb5,ny
0.078,tb5,ny
0.055,tb5,ny
0.056,tb5,ny
0.082,tb5,ny
0.04,tb5,ny
0.046,tb5,ny
0.061,tb5,ny
0.035,tb5,ny
0.019,tb5,ny
0.043,tb5,ny
0.22,tb5,ny
0.027,tb5,ny
0.39,tb5,ny
0.117,tb5,ny
0.034,tb5,ny
0.055,tb5,ny
0.051,tb5,ny
0.061,tb5,ny
0.05,tb5,ny
0.058,tb5,ny
0.019,tb5,ny
0.034,tb5,ny
0.084,tb5,ny
0.048,tb5,ny
0.047,tb5,ny
0.021,tb5,ny
0.034,tb5,ny
0.032,tb5,ny
0.022,tb5,ny
0.082,tb5,ny
0.064,tb5,ny
0.023,tb5,ny
0.014,tb5,ny
0.034,tb5,ny
0.022,tb5,ny
0.027,tb5,ny
0.027,tb5,ny
0.018,tb5,ny
0.017,tb5,ny
0.068,tb5,ny
0.042,tb5,ny
0.094,tb5,ny
0.064,tb5,ny
0.429,tb5,ny
0.074,tb5,ny
0.072,tb5,ny
0.036,tb5,ny
0.047,tb5,ny
0.034,tb5,ny
0.041,tb5,ny
0.025,tb5,ny
0.039,tb5,ny
0.026,tb5,ny
0.035,tb5,ny
0.097,tb5,ny
0.179,tb5,ny
0.059,tb5,ny
0.34,tb5,ny
0.098,tb5,ny
0.046,tb5,ny
0.088,tb5,ny
0.064,tb5,ny
0.048,tb5,ny
0.04,tb5,ny
0.608,tb5,ny
0.037,tb5,ny
0.076,tb5,ny
0.03,tb5,ny
0.025,tb5,ny
0.032,tb5,ny
0.04,tb5,ny
0.019,tb5,ny
0.06,tb5,ny
0.029,tb5,ny
0.054,tb5,ny
0.025,tb5,ny
0.015,tb5,ny
0.015,tb5,ny
0.096,tb5,ny
0.067,tb5,ny
0.108,tb5,ny
0.085,tb5,ny
0.044,tb5,ny
0.054,tb5,ny
0.059,tb5,ny
0.056,tb5,ny
0.027,tb5,ny
0.03,tb5,ny
0.036,tb5,ny
0.073,tb5,ny
0.081,tb5,ny
0.681,tb5,ny
0.103,tb5,ny
0.116,tb5,ny
0.701,tb5,ny
0.054,tb5,ny
0.054,tb5,ny
0.108,tb5,ny
0.06,tb5,ny
0.104,tb5,ny
0.075,tb5,ny
0.043,tb5,ny
0.054,tb5,ny
0.049,tb5,ny
0.057,tb5,ny
0.056,tb5,ny
0.037,tb5,ny
0.027,tb5,ny
0.07,tb5,ny
0.047,tb5,ny
0.032,tb5,ny
0.057,tb5,ny
0.051,tb5,ny
0.041,tb5,ny
0.329,tb5,ny
0.031,tb5,ny
0.128,tb5,ny
0.154,tb5,ny
0.659,tb5,ny
0.074,tb5,ny
0.043,tb5,ny
0.112,tb5,ny
0.048,tb5,ny
0.067,tb5,ny
0.136,tb5,ny
0.046,tb5,ny
0.037,tb5,ny
0.053,tb5,ny
0.087,tb5,ny
0.088,tb5,ny
0.092,tb5,ny
0.042,tb5,ny
0.066,tb5,ny
0.035,tb5,ny
0.063,tb5,ny
0.049,tb5,ny
0.092,tb5,ny
0.072,tb5,ny
0.137,tb5,ny
0.025,tb5,ny
0.019,tb5,ny
0.035,tb5,ny
0.024,tb5,ny
0.052,tb5,ny
0.059,tb1,on
0.087,tb1,on
0.047,tb1,on
0.196,tb1,on
0.075,tb1,on
0.133,tb1,on
0.507,tb1,on
0.072,tb1,on
0.086,tb1,on
0.555,tb1,on
0.692,tb1,on
0.108,tb1,on
0.155,tb1,on
0.098,tb1,on
0.089,tb1,on
0.45,tb1,on
0.412,tb1,on
0.197,tb1,on
0.196,tb1,on
0.122,tb1,on
0.209,tb1,on
0.213,tb1,on
0.753,tb1,on
0.072,tb1,on
0.126,tb1,on
0.041,tb1,on
0.067,tb1,on
0.099,tb1,on
0.567,tb1,on
0.194,tb1,on
0.047,tb1,on
0.057,tb1,on
0.057,tb1,on
0.194,tb1,on
0.15,tb1,on
0.065,tb1,on
0.107,tb1,on
0.133,tb1,on
0.159,tb1,on
0.201,tb1,on
0.104,tb1,on
0.509,tb1,on
0.63,tb1,on
0.119,tb1,on
0.055,tb1,on
0.207,tb1,on
0.302,tb1,on
0.052,tb1,on
0.365,tb1,on
0.466,tb1,on
0.145,tb1,on
0.4,tb1,on
0.047,tb1,on
0.07,tb1,on
0.055,tb1,on
0.113,tb1,on
0.075,tb1,on
0.107,tb1,on
0.117,tb1,on
0.737,tb1,on
0.142,tb1,on
0.092,tb1,on
0.043,tb1,on
0.102,tb1,on
0.076,tb1,on
0.075,tb1,on
0.084,tb1,on
0.128,tb1,on
0.027,tb1,on
0.039,tb1,on
0.067,tb1,on
0.044,tb1,on
0.073,tb1,on
0.04,tb1,on
0.074,tb1,on
0.105,tb1,on
0.092,tb1,on
0.045,tb1,on
0.045,tb1,on
0.074,tb1,on
0.094,tb1,on
0.108,tb1,on
0.052,tb1,on
0.054,tb1,on
0.067,tb1,on
0.048,tb1,on
0.525,tb1,on
0.077,tb1,on
0.099,tb1,on
0.148,tb1,on
0.095,tb1,on
0.061,tb1,on
0.054,tb1,on
0.069,tb1,on
0.08,tb1,on
0.06,tb1,on
0.014,tb1,on
0.036,tb1,on
0.065,tb1,on
0.06,tb1,on
0.082,tb1,on
0.157,tb1,on
0.096,tb1,on
0.114,tb1,on
0.044,tb1,on
0.135,tb1,on
0.548,tb1,on
0.827,tb1,on
0.085,tb1,on
0.109,tb1,on
0.104,tb1,on
0.087,tb1,on
0.079,tb1,on
0.06,tb1,on
0.14,tb1,on
0.361,tb1,on
0.045,tb1,on
0.261,tb1,on
0.148,tb1,on
0.03,tb1,on
0.186,tb1,on
0.093,tb1,on
0.029,tb1,on
0.074,tb1,on
0.037,tb1,on
0.067,tb1,on
0.066,tb1,on
0.084,tb1,on
0.113,tb1,on
0.067,tb1,on
0.145,tb1,on
0.075,tb1,on
0.102,tb1,on
0.135,tb1,on
0.173,tb1,on
0.248,tb1,on
0.061,tb1,on
0.049,tb1,on
0.03,tb1,on
0.052,tb1,on
0.1,tb1,on
0.087,tb1,on
0.072,tb1,on
0.128,tb1,on
0.096,tb1,on
0.167,tb1,on
0.041,tb1,on
0.004,tb1,on
0.072,tb1,on
0.077,tb1,on
0.114,tb1,on
0.171,tb1,on
0.15,tb1,on
0.098,tb1,on
0.211,tb1,on
0.135,tb1,on
0.126,tb1,on
0.183,tb1,on
0.046,tb1,on
0.097,tb1,on
0.064,tb1,on
0.073,tb1,on
0.058,tb1,on
0.025,tb1,on
0.106,tb1,on
0.081,tb1,on
0.033,tb1,on
0.093,tb1,on
0.104,tb1,on
0.016,tb1,on
0.026,tb1,on
0.12,tb1,on
0.018,tb1,on
0.05,tb1,on
0.02,tb1,on
0.058,tb1,on
0.041,tb1,on
0.047,tb1,on
0.191,tb1,on
0.073,tb1,on
0.106,tb1,on
0.06,tb1,on
0.076,tb1,on
0.361,tb1,on
0.259,tb1,on
0.808,tb1,on
0.041,tb1,on
0.043,tb1,on
0.033,tb1,on
0.052,tb1,on
0.068,tb1,on
0.042,tb1,on
0.037,tb1,on
0.101,tb1,on
0.084,tb1,on
0.058,tb1,on
0.028,tb1,on
0.008,tb1,on
0.031,tb1,on
0.041,tb1,on
0.144,tb1,on
0.118,tb1,on
0.099,tb1,on
0.086,tb1,on
0.117,tb1,on
0.19,tb1,on
0.599,tb1,on
0.153,tb1,on
0.232,tb1,on
0.106,tb1,on
0.118,tb1,on
0.236,tb1,on
0.124,tb1,on
0.238,tb1,on
0.764,tb1,on
0.084,tb1,on
0.106,tb1,on
0.279,tb1,on
0.06,tb1,on
0.481,tb1,on
0.498,tb1,on
0.066,tb1,on
0.294,tb1,on
0.099,tb1,on
0.168,tb1,on
0.079,tb1,on
0.149,tb1,on
0.073,tb1,on
0.15,tb1,on
0.288,tb1,on
0.201,tb1,on
0.243,tb1,on
0.114,tb1,on
0.125,tb1,on
0.173,tb1,on
0.141,tb1,on
0.112,tb1,on
0.072,tb1,on
0.134,tb1,on
0.242,tb1,on
0.152,tb1,on
0.183,tb1,on
0.174,tb1,on
0.117,tb1,on
0.276,tb1,on
0.111,tb1,on
0.068,tb1,on
0.157,tb1,on
0.16,tb1,on
0.1,tb1,on
0.097,tb1,on
0.307,tb1,on
0.18,tb1,on
0.143,tb1,on
0.087,tb1,on
0.093,tb1,on
0.137,tb1,on
0.093,tb1,on
0.086,tb1,on
0.087,tb1,on
0.055,tb1,on
0.186,tb1,on
0.413,tb1,on
0.049,tb1,on
0.171,tb1,on
0.157,tb1,on
0.04,tb1,on
0.227,tb1,on
0.132,tb1,on
0.04,tb1,on
0.09,tb1,on
0.052,tb1,on
0.109,tb1,on
0.063,tb1,on
0.091,tb1,on
0.122,tb1,on
0.071,tb1,on
0.158,tb1,on
0.081,tb1,on
0.14,tb1,on
0.183,tb1,on
0.189,tb1,on
0.346,tb1,on
0.089,tb1,on
0.064,tb1,on
0.037,tb1,on
0.077,tb1,on
0.132,tb1,on
0.076,tb1,on
0.079,tb1,on
0.137,tb1,on
0.101,tb1,on
0.139,tb1,on
0.054,tb1,on
0.009,tb1,on
0.087,tb1,on
0.086,tb1,on
0.14,tb1,on
0.151,tb1,on
0.203,tb1,on
0.134,tb1,on
0.166,tb1,on
0.122,tb1,on
0.184,tb1,on
0.103,tb1,on
0.143,tb1,on
0.641,tb1,on
0.15,tb1,on
0.152,tb1,on
0.112,tb1,on
0.077,tb1,on
0.492,tb1,on
0.128,tb1,on
0.092,tb1,on
0.067,tb1,on
0.114,tb1,on
0.069,tb1,on
0.133,tb1,on
0.09,tb1,on
0.099,tb1,on
0.093,tb1,on
0.623,tb1,on
0.045,tb1,on
0.106,tb1,on
0.083,tb1,on
0.143,tb1,on
0.578,tb1,on
0.043,tb1,on
0.059,tb1,on
0.083,tb1,on
0.106,tb1,on
0.113,tb1,on
0.066,tb1,on
0.104,tb1,on
0.727,tb1,on
0.201,tb1,on
0.586,tb1,on
0.11,tb1,on
0.109,tb1,on
0.203,tb1,on
0.171,tb1,on
0.017,tb1,on
0.097,tb1,on
0.687,tb1,on
0.067,tb1,on
0.1,tb1,on
0.248,tb1,on
0.664,tb1,on
0.144,tb1,on
0.049,tb1,on
0.105,tb1,on
0.155,tb1,on
0.146,tb1,on
0.382,tb1,on
0.15,tb1,on
0.139,tb1,on
0.074,tb1,on
0.143,tb1,on
0.744,tb1,on
0.29,tb1,on
0.068,tb1,on
0.126,tb1,on
0.053,tb1,on
0.172,tb1,on
0.068,tb1,on
0.667,tb1,on
0.071,tb1,on
0.16,tb1,on
0.075,tb1,on
0.119,tb1,on
0.104,tb1,on
0.597,tb1,on
0.159,tb1,on
0.089,tb1,on
0.1,tb1,on
0.119,tb1,on
0.085,tb1,on
0.106,tb1,on
0.075,tb1,on
0.135,tb1,on
0.323,tb1,on
0.127,tb1,on
0.137,tb1,on
0.107,tb1,on
0.614,tb1,on
0.559,tb1,on
0.096,tb1,on
0.021,tb1,on
0.068,tb1,on
0.097,tb1,on
0.192,tb1,on
0.601,tb1,on
0.839,tb1,on
0.124,tb1,on
0.788,tb1,on
0.087,tb1,on
0.144,tb1,on
0.103,tb1,on
0.065,tb1,on
0.118,tb1,on
0.084,tb1,on
0.125,tb1,on
0.124,tb1,on
0.12,tb1,on
0.033,tb1,on
0.035,tb1,on
0.069,tb1,on
0.065,tb1,on
0.069,tb1,on
0.06,tb1,on
0.083,tb1,on
0.113,tb1,on
0.098,tb1,on
0.05,tb1,on
0.061,tb1,on
0.065,tb1,on
0.088,tb1,on
0.163,tb1,on
0.062,tb1,on
0.062,tb1,on
0.088,tb1,on
0.05,tb1,on
0.516,tb1,on
0.08,tb1,on
0.095,tb1,on
0.135,tb1,on
0.103,tb1,on
0.091,tb1,on
0.07,tb1,on
0.091,tb1,on
0.113,tb1,on
0.059,tb1,on
0.018,tb1,on
0.059,tb1,on
0.091,tb1,on
0.074,tb1,on
0.091,tb1,on
0.146,tb1,on
0.103,tb1,on
0.128,tb1,on
0.055,tb1,on
0.14,tb1,on
0.068,tb1,on
0.128,tb1,on
0.078,tb1,on
0.07,tb1,on
0.125,tb1,on
0.142,tb1,on
0.041,tb1,on
0.05,tb1,on
0.069,tb1,on
0.059,tb1,on
0.095,tb1,on
0.08,tb1,on
0.085,tb1,on
0.124,tb1,on
0.071,tb1,on
0.05,tb1,on
0.066,tb1,on
0.075,tb1,on
0.077,tb1,on
0.168,tb1,on
0.058,tb1,on
0.063,tb1,on
0.097,tb1,on
0.069,tb1,on
0.122,tb1,on
0.088,tb1,on
0.681,tb1,on
0.175,tb1,on
0.171,tb1,on
0.077,tb1,on
0.066,tb1,on
0.067,tb1,on
0.109,tb1,on
0.1,tb1,on
0.021,tb1,on
0.057,tb1,on
0.126,tb1,on
0.083,tb1,on
0.089,tb1,on
0.191,tb1,on
0.124,tb1,on
0.138,tb1,on
0.049,tb1,on
0.198,tb1,on
0.125,tb1,on
0.179,tb1,on
0.117,tb1,on
0.477,tb1,on
0.232,tb1,on
0.073,tb1,on
0.177,tb1,on
0.184,tb1,on
0.131,tb1,on
0.245,tb1,on
0.279,tb1,on
0.192,tb1,on
0.091,tb1,on
0.644,tb1,on
0.037,tb1,on
0.078,tb1,on
0.117,tb1,on
0.153,tb1,on
0.805,tb1,on
0.053,tb1,on
0.056,tb1,on
0.073,tb1,on
0.148,tb1,on
0.192,tb1,on
0.086,tb1,on
0.144,tb1,on
0.732,tb1,on
0.264,tb1,on
0.731,tb1,on
0.088,tb1,on
0.081,tb1,on
0.269,tb1,on
0.156,tb1,on
0.075,tb1,on
0.201,tb1,on
0.804,tb1,on
0.058,tb1,on
0.076,tb1,on
0.178,tb1,on
0.681,tb1,on
0.094,tb1,on
0.043,tb1,on
0.139,tb1,on
0.131,tb1,on
0.085,tb1,on
0.067,tb1,on
0.338,tb1,on
0.694,tb1,on
0.119,tb1,on
0.127,tb1,on
0.112,tb1,on
0.149,tb1,on
0.233,tb1,on
0.607,tb1,on
0.069,tb1,on
0.099,tb1,on
0.025,tb1,on
0.087,tb1,on
0.075,tb1,on
0.458,tb1,on
0.167,tb1,on
0.025,tb1,on
0.032,tb1,on
0.04,tb1,on
0.201,tb1,on
0.129,tb1,on
0.047,tb1,on
0.066,tb1,on
0.108,tb1,on
0.191,tb1,on
0.258,tb1,on
0.102,tb1,on
0.386,tb1,on
0.637,tb1,on
0.194,tb1,on
0.052,tb1,on
0.341,tb1,on
0.317,tb1,on
0.034,tb1,on
0.246,tb1,on
0.351,tb1,on
0.114,tb1,on
0.276,tb1,on
0.029,tb1,on
0.201,tb1,on
0.068,tb1,on
0.116,tb1,on
0.164,tb1,on
0.086,tb1,on
0.11,tb1,on
0.143,tb1,on
0.051,tb1,on
0.69,tb1,on
0.084,tb1,on
0.155,tb1,on
0.081,tb1,on
0.108,tb1,on
0.07,tb1,on
0.118,tb1,on
0.197,tb1,on
0.189,tb1,on
0.171,tb1,on
0.084,tb1,on
0.086,tb1,on
0.146,tb1,on
0.568,tb1,on
0.098,tb1,on
0.058,tb1,on
0.101,tb1,on
0.19,tb1,on
0.118,tb1,on
0.121,tb1,on
0.167,tb1,on
0.144,tb1,on
0.201,tb1,on
0.125,tb1,on
0.041,tb1,on
0.482,tb1,on
0.146,tb1,on
0.6,tb1,on
0.083,tb1,on
0.239,tb1,on
0.226,tb1,on
0.156,tb1,on
0.081,tb1,on
0.082,tb1,on
0.069,tb1,on
0.139,tb1,on
0.076,tb1,on
0.518,tb1,on
0.293,tb1,on
0.076,tb1,on
0.229,tb1,on
0.108,tb1,on
0.17,tb1,on
0.056,tb1,on
0.102,tb1,on
0.045,tb1,on
0.133,tb1,on
0.231,tb1,on
0.142,tb1,on
0.21,tb1,on
0.075,tb1,on
0.078,tb1,on
0.115,tb1,on
0.168,tb1,on
0.095,tb1,on
0.062,tb1,on
0.119,tb1,on
0.158,tb1,on
0.134,tb1,on
0.176,tb1,on
0.138,tb1,on
0.07,tb1,on
0.209,tb1,on
0.115,tb1,on
0.068,tb1,on
0.205,tb1,on
0.153,tb1,on
0.068,tb1,on
0.05,tb1,on
0.169,tb1,on
0.164,tb1,on
0.112,tb1,on
0.055,tb1,on
0.066,tb1,on
0.067,tb1,on
0.046,tb1,on
0.055,tb1,on
0.085,tb1,on
0.165,tb1,on
0.082,tb1,on
0.095,tb1,on
0.112,tb1,on
0.713,tb1,on
0.101,tb1,on
0.026,tb1,on
0.042,tb1,on
0.062,tb1,on
0.073,tb1,on
0.105,tb1,on
0.033,tb1,on
0.034,tb1,on
0.039,tb1,on
0.074,tb1,on
0.159,tb1,on
0.15,tb1,on
0.107,tb1,on
0.084,tb1,on
0.085,tb1,on
0.101,tb1,on
0.059,tb1,on
0.055,tb1,on
0.083,tb1,on
0.086,tb1,on
0.023,tb1,on
0.076,tb1,on
0.096,tb1,on
0.046,tb1,on
0.047,tb1,on
0.061,tb1,on
0.073,tb1,on
0.052,tb1,on
0.031,tb1,on
0.19,tb1,on
0.047,tb1,on
0.03,tb1,on
0.066,tb1,on
0.047,tb1,on
0.064,tb1,on
0.078,tb1,on
0.103,tb1,on
0.098,tb1,on
0.483,tb1,on
0.069,tb1,on
0.047,tb1,on
0.103,tb1,on
0.077,tb1,on
0.594,tb1,on
0.091,tb1,on
0.096,tb1,on
0.148,tb1,on
0.067,tb1,on
0.083,tb1,on
0.045,tb1,on
0.074,tb1,on
0.553,tb1,on
0.15,tb1,on
0.329,tb1,on
0.077,tb1,on
0.083,tb1,on
0.17,tb1,on
0.058,tb1,on
0.009,tb1,on
0.081,tb1,on
0.445,tb1,on
0.105,tb1,on
0.159,tb1,on
0.157,tb1,on
0.545,tb1,on
0.21,tb1,on
0.077,tb1,on
0.228,tb1,on
0.086,tb1,on
0.146,tb1,on
0.053,tb1,on
0.153,tb1,on
0.072,tb1,on
0.557,tb1,on
0.082,tb1,on
0.126,tb1,on
0.07,tb1,on
0.079,tb1,on
0.158,tb1,on
0.549,tb1,on
0.277,tb1,on
0.098,tb1,on
0.102,tb1,on
0.142,tb1,on
0.092,tb1,on
0.093,tb1,on
0.054,tb1,on
0.088,tb1,on
0.196,tb1,on
0.182,tb1,on
0.115,tb1,on
0.097,tb1,on
0.66,tb1,on
0.653,tb1,on
0.092,tb1,on
0.025,tb1,on
0.094,tb1,on
0.147,tb1,on
0.104,tb1,on
0.683,tb1,on
0.801,tb1,on
0.18,tb1,on
0.724,tb1,on
0.08,tb1,on
0.048,tb1,on
0.067,tb1,on
0.067,tb1,on
0.058,tb1,on
0.128,tb1,on
0.335,tb1,on
0.045,tb1,on
0.058,tb1,on
0.02,tb1,on
0.059,tb1,on
0.042,tb1,on
0.347,tb1,on
0.064,tb1,on
0.016,tb1,on
0.016,tb1,on
0.02,tb1,on
0.174,tb1,on
0.09,tb1,on
0.036,tb1,on
0.049,tb1,on
0.069,tb1,on
0.126,tb1,on
0.115,tb1,on
0.073,tb1,on
0.289,tb1,on
0.517,tb1,on
0.108,tb1,on
0.054,tb1,on
0.167,tb1,on
0.119,tb1,on
0.041,tb1,on
0.154,tb1,on
0.248,tb1,on
0.077,tb1,on
0.189,tb1,on
0.019,tb1,on
0.244,tb1,on
0.075,tb1,on
0.428,tb1,on
0.145,tb1,on
0.125,tb1,on
0.042,tb1,on
0.09,tb1,on
0.016,tb1,on
0.075,tb1,on
0.153,tb1,on
0.121,tb1,on
0.106,tb1,on
0.023,tb1,on
0.025,tb1,on
0.047,tb1,on
0.126,tb1,on
0.075,tb1,on
0.039,tb1,on
0.069,tb1,on
0.093,tb1,on
0.079,tb1,on
0.12,tb1,on
0.085,tb1,on
0.05,tb1,on
0.121,tb1,on
0.109,tb1,on
0.081,tb1,on
0.177,tb1,on
0.162,tb1,on
0.033,tb1,on
0.02,tb1,on
0.091,tb1,on
0.087,tb1,on
0.034,tb1,on
0.02,tb1,on
0.083,tb1,on
0.209,tb1,on
0.118,tb1,on
0.142,tb1,on
0.063,tb1,on
0.109,tb1,on
0.073,tb1,on
0.499,tb1,on
0.582,tb1,on
0.127,tb1,on
0.161,tb1,on
0.12,tb1,on
0.091,tb1,on
0.12,tb1,on
0.126,tb1,on
0.111,tb1,on
0.054,tb1,on
0.1,tb1,on
0.147,tb1,on
0.109,tb1,on
0.165,tb1,on
0.727,tb1,on
0.104,tb1,on
0.189,tb1,on
0.107,tb1,on
0.24,tb1,on
0.164,tb1,on
0.141,tb1,on
0.081,tb1,on
0.066,tb1,on
0.151,tb1,on
0.134,tb1,on
0.082,tb1,on
0.09,tb1,on
0.091,tb1,on
0.202,tb1,on
0.099,tb1,on
0.093,tb1,on
0.07,tb1,on
0.015,tb1,on
0.051,tb1,on
0.039,tb1,on
0.054,tb1,on
0.09,tb1,on
0.018,tb1,on
0.019,tb1,on
0.026,tb1,on
0.085,tb1,on
0.135,tb1,on
0.095,tb1,on
0.109,tb1,on
0.076,tb1,on
0.118,tb1,on
0.146,tb1,on
0.053,tb1,on
0.052,tb1,on
0.099,tb1,on
0.125,tb1,on
0.029,tb1,on
0.117,tb1,on
0.144,tb1,on
0.03,tb1,on
0.034,tb1,on
0.047,tb1,on
0.099,tb1,on
0.034,tb1,on
0.017,tb1,on
0.152,tb1,on
0.234,tb1,on
0.063,tb1,on
0.169,tb1,on
0.037,tb1,on
0.149,tb1,on
0.181,tb1,on
0.262,tb1,on
0.155,tb1,on
0.046,tb1,on
0.048,tb1,on
0.079,tb1,on
0.653,tb1,on
0.101,tb1,on
0.074,tb1,on
0.134,tb1,on
0.201,tb1,on
0.124,tb1,on
0.208,tb1,on
0.133,tb1,on
0.103,tb1,on
0.192,tb1,on
0.164,tb1,on
0.075,tb1,on
0.667,tb1,on
0.219,tb1,on
0.371,tb1,on
0.056,tb1,on
0.17,tb1,on
0.132,tb1,on
0.102,tb1,on
0.054,tb1,on
0.137,tb1,on
0.076,tb1,on
0.126,tb1,on
0.018,tb1,on
0.071,tb1,on
0.061,tb1,on
0.081,tb1,on
0.162,tb1,on
0.02,tb1,on
0.023,tb1,on
0.032,tb1,on
0.167,tb1,on
0.161,tb1,on
0.058,tb1,on
0.103,tb1,on
0.105,tb1,on
0.634,tb1,on
0.224,tb1,on
0.07,tb1,on
0.056,tb1,on
0.177,tb1,on
0.801,tb1,on
0.062,tb1,on
0.252,tb1,on
0.523,tb1,on
0.032,tb1,on
0.034,tb1,on
0.075,tb1,on
0.135,tb1,on
0.039,tb1,on
0.02,tb1,on
0.071,tb1,on
0.192,tb1,on
0.046,tb1,on
0.083,tb1,on
0.148,tb1,on
0.648,tb1,on
0.179,tb1,on
0.054,tb1,on
0.056,tb1,on
0.072,tb1,on
0.175,tb1,on
0.123,tb1,on
0.087,tb1,on
0.176,tb1,on
0.161,tb1,on
0.097,tb1,on
0.146,tb1,on
0.12,tb1,on
0.578,tb1,on
0.589,tb1,on
0.139,tb1,on
0.056,tb1,on
0.18,tb1,on
0.157,tb1,on
0.148,tb1,on
0.411,tb1,on
0.65,tb1,on
0.116,tb1,on
0.583,tb1,on
0.065,tb1,on
0.095,tb1,on
0.034,tb1,on
0.037,tb1,on
0.066,tb1,on
0.074,tb1,on
0.1,tb1,on
0.035,tb1,on
0.036,tb1,on
0.052,tb1,on
0.06,tb1,on
0.196,tb1,on
0.105,tb1,on
0.069,tb1,on
0.101,tb1,on
0.115,tb1,on
0.076,tb1,on
0.055,tb1,on
0.06,tb1,on
0.091,tb1,on
0.09,tb1,on
0.02,tb1,on
0.059,tb1,on
0.09,tb1,on
0.052,tb1,on
0.055,tb1,on
0.093,tb1,on
0.08,tb1,on
0.069,tb1,on
0.031,tb1,on
0.04,tb1,on
0.121,tb1,on
0.115,tb1,on
0.345,tb1,on
0.631,tb1,on
0.047,tb1,on
0.048,tb1,on
0.062,tb1,on
0.096,tb1,on
0.113,tb1,on
0.074,tb1,on
0.117,tb1,on
0.676,tb1,on
0.123,tb1,on
0.535,tb1,on
0.096,tb1,on
0.109,tb1,on
0.174,tb1,on
0.113,tb1,on
0.035,tb1,on
0.097,tb1,on
0.616,tb1,on
0.089,tb1,on
0.081,tb1,on
0.128,tb1,on
0.608,tb1,on
0.107,tb1,on
0.058,tb1,on
0.051,tb1,on
0.078,tb1,on
0.04,tb1,on
0.053,tb1,on
0.384,tb1,on
0.345,tb1,on
0.162,tb1,on
0.041,tb1,on
0.033,tb1,on
0.021,tb1,on
0.035,tb1,on
0.055,tb1,on
0.03,tb1,on
0.027,tb1,on
0.101,tb1,on
0.072,tb1,on
0.04,tb1,on
0.022,tb1,on
0,tb1,on
0.025,tb1,on
0.034,tb1,on
0.118,tb1,on
0.101,tb1,on
0.077,tb1,on
0.052,tb1,on
0.096,tb1,on
0.343,tb1,on
0.377,tb1,on
0.167,tb1,on
0.086,tb1,on
0.067,tb1,on
0.051,tb1,on
0.102,tb1,on
0.08,tb1,on
0.047,tb1,on
0.042,tb1,on
0.064,tb1,on
0.127,tb1,on
0.091,tb1,on
0.123,tb1,on
0.493,tb1,on
0.084,tb1,on
0.127,tb1,on
0.095,tb1,on
0.154,tb1,on
0.107,tb1,on
0.107,tb1,on
0.088,tb1,on
0.063,tb1,on
0.098,tb1,on
0.091,tb1,on
0.094,tb1,on
0.093,tb1,on
0.132,tb1,on
0.127,tb1,on
0.1,tb1,on
0.103,tb1,on
0.167,tb1,on
0.111,tb1,on
0.068,tb1,on
0.046,tb1,on
0.087,tb1,on
0.124,tb1,on
0.097,tb1,on
0.087,tb1,on
0.602,tb1,on
0.089,tb1,on
0.164,tb1,on
0.074,tb1,on
0.237,tb1,on
0.118,tb1,on
0.107,tb1,on
0.091,tb1,on
0.058,tb1,on
0.146,tb1,on
0.116,tb1,on
0.099,tb1,on
0.097,tb1,on
0.141,tb1,on
0.048,tb1,on
0.049,tb1,on
0.066,tb1,on
0.097,tb1,on
0.093,tb1,on
0.069,tb1,on
0.101,tb1,on
0.21,tb1,on
0.11,tb1,on
0.154,tb1,on
0.1,tb1,on
0.508,tb1,on
0.636,tb1,on
0.15,tb1,on
0.04,tb1,on
0.1,tb1,on
0.138,tb1,on
0.077,tb1,on
0.409,tb1,on
0.591,tb1,on
0.133,tb1,on
0.495,tb1,on
0.054,tb1,on
0.072,tb1,on
0.073,tb1,on
0.113,tb1,on
0.113,tb1,on
0.136,tb1,on
0.071,tb1,on
0.117,tb1,on
0.753,tb1,on
0.228,tb1,on
0.625,tb1,on
0.119,tb1,on
0.122,tb1,on
0.244,tb1,on
0.171,tb1,on
0.051,tb1,on
0.167,tb1,on
0.734,tb1,on
0.077,tb1,on
0.122,tb1,on
0.296,tb1,on
0.788,tb1,on
0.149,tb1,on
0.06,tb1,on
0.882,tb1,on
0.309,tb1,on
0.041,tb1,on
0.037,tb1,on
0.026,tb1,on
0.046,tb1,on
0.064,tb1,on
0.036,tb1,on
0.037,tb1,on
0.101,tb1,on
0.072,tb1,on
0.057,tb1,on
0.023,tb1,on
0.004,tb1,on
0.031,tb1,on
0.04,tb1,on
0.116,tb1,on
0.117,tb1,on
0.092,tb1,on
0.07,tb1,on
0.111,tb1,on
0.856,tb1,on
0.321,tb1,on
0.05,tb1,on
0.038,tb1,on
0.029,tb1,on
0.05,tb1,on
0.066,tb1,on
0.041,tb1,on
0.04,tb1,on
0.101,tb1,on
0.072,tb1,on
0.059,tb1,on
0.025,tb1,on
0,tb1,on
0.034,tb1,on
0.042,tb1,on
0.097,tb1,on
0.138,tb1,on
0.097,tb1,on
0.069,tb1,on
0.112,tb1,on
0.856,tb1,on
0.05,tb1,on
0.044,tb1,on
0.031,tb1,on
0.058,tb1,on
0.105,tb1,on
0.072,tb1,on
0.059,tb1,on
0.128,tb1,on
0.082,tb1,on
0.113,tb1,on
0.045,tb1,on
0.007,tb1,on
0.07,tb1,on
0.069,tb1,on
0.118,tb1,on
0.142,tb1,on
0.163,tb1,on
0.107,tb1,on
0.174,tb1,on
0.162,tb1,on
0.116,tb1,on
0.068,tb1,on
0.106,tb1,on
0.085,tb1,on
0.1,tb1,on
0.11,tb1,on
0.115,tb1,on
0.071,tb1,on
0.124,tb1,on
0.103,tb1,on
0.077,tb1,on
0.665,tb1,on
0.179,tb1,on
0.385,tb1,on
0.05,tb1,on
0.076,tb1,on
0.128,tb1,on
0.055,tb1,on
0.048,tb1,on
0.089,tb1,on
0.112,tb1,on
0.121,tb1,on
0.173,tb1,on
0.132,tb1,on
0.065,tb1,on
0.065,tb1,on
0.118,tb1,on
0.155,tb1,on
0.035,tb1,on
0.107,tb1,on
0.143,tb1,on
0.056,tb1,on
0.047,tb1,on
0.097,tb1,on
0.107,tb1,on
0.061,tb1,on
0.032,tb1,on
0.128,tb1,on
0.077,tb1,on
0.063,tb1,on
0.059,tb1,on
0.047,tb1,on
0.048,tb1,on
0.058,tb1,on
0.053,tb1,on
0.026,tb1,on
0.041,tb1,on
0.066,tb1,on
0.046,tb1,on
0.038,tb1,on
0.062,tb1,on
0.061,tb1,on
0.055,tb1,on
0.027,tb1,on
0.139,tb1,on
0.1,tb1,on
0.117,tb1,on
0.087,tb1,on
0.077,tb1,on
0.103,tb1,on
0.089,tb1,on
0.038,tb1,on
0.074,tb1,on
0.109,tb1,on
0.079,tb1,on
0.053,tb1,on
0.101,tb1,on
0.138,tb1,on
0.092,tb1,on
0.045,tb1,on
0.267,tb1,on
0.569,tb1,on
0.125,tb1,on
0.133,tb1,on
0.275,tb1,on
0.226,tb1,on
0.032,tb1,on
0.106,tb1,on
0.661,tb1,on
0.1,tb1,on
0.118,tb1,on
0.548,tb1,on
0.744,tb1,on
0.274,tb1,on
0.061,tb1,on
0.294,tb1,on
0.071,tb1,on
0.066,tb1,on
0.345,tb1,on
0.746,tb1,on
0.038,tb1,on
0.188,tb1,on
0.301,tb1,on
0.048,tb1,on
0.064,tb1,on
0.231,tb1,on
0.153,tb1,on
0.092,tb1,on
0.029,tb1,on
0.11,tb1,on
0.099,tb1,on
0.466,tb1,on
0.25,tb1,on
0.039,tb1,on
0.232,tb1,on
0.828,tb1,on
0.05,tb1,on
0.068,tb1,on
0.172,tb1,on
0.684,tb1,on
0.1,tb1,on
0.037,tb1,on
0.177,tb1,on
0.112,tb1,on
0.085,tb1,on
0.231,tb1,on
0.118,tb1,on
0.103,tb1,on
0.115,tb1,on
0.088,tb1,on
0.119,tb1,on
0.122,tb1,on
0.113,tb1,on
0.183,tb1,on
0.502,tb1,on
0.088,tb1,on
0.021,tb1,on
0.063,tb1,on
0.09,tb1,on
0.126,tb1,on
0.642,tb1,on
0.655,tb1,on
0.152,tb1,on
0.662,tb1,on
0.109,tb1,on
0.156,tb1,on
0.039,tb1,on
0.252,tb1,on
0.32,tb1,on
0.063,tb1,on
0.371,tb1,on
0.575,tb1,on
0.218,tb1,on
0.439,tb1,on
0.046,tb1,on
0.035,tb1,on
0.188,tb1,on
0.238,tb1,on
0.042,tb1,on
0.046,tb1,on
0.125,tb1,on
0.148,tb1,on
0.067,tb1,on
0.025,tb1,on
0.082,tb1,on
0.067,tb1,on
0.012,tb1,on
0.001,tb1,on
0.026,tb1,on
0.037,tb1,on
0.014,tb1,on
0.001,tb1,on
0.32,tb1,on
0.242,tb1,on
0.038,tb1,on
0.098,tb1,on
0.141,tb1,on
0.059,tb1,on
0.029,tb1,on
0.051,tb1,on
0.065,tb1,on
0.15,tb1,on
0.778,tb1,on
0.074,tb1,on
0.039,tb1,on
0.099,tb1,on
0.119,tb1,on
0.075,tb1,on
0.179,tb1,on
0.141,tb1,on
0.624,tb1,on
0.095,tb1,on
0.747,tb1,on
0.115,tb1,on
0.187,tb1,on
0.808,tb1,on
0.075,tb1,on
0.133,tb1,on
0.058,tb1,on
0.108,tb1,on
0.07,tb2,on
0.055,tb2,on
0.113,tb2,on
0.075,tb2,on
0.107,tb2,on
0.121,tb2,on
0.095,tb2,on
0.085,tb2,on
0.09,tb2,on
0.154,tb2,on
0.693,tb2,on
0.193,tb2,on
0.092,tb2,on
0.117,tb2,on
0.737,tb2,on
0.142,tb2,on
0.123,tb2,on
0.077,tb2,on
0.592,tb2,on
0.084,tb2,on
0.128,tb2,on
0.718,tb2,on
0.105,tb2,on
0.092,tb2,on
0.045,tb2,on
0.045,tb2,on
0.074,tb2,on
0.094,tb2,on
0.108,tb2,on
0.052,tb2,on
0.054,tb2,on
0.067,tb2,on
0.095,tb2,on
0.106,tb2,on
0.099,tb2,on
0.117,tb2,on
0.097,tb2,on
0.103,tb2,on
0.06,tb2,on
0.082,tb2,on
0.157,tb2,on
0.096,tb2,on
0.114,tb2,on
0.044,tb2,on
0.064,tb2,on
0.059,tb2,on
0.135,tb2,on
0.548,tb2,on
0.827,tb2,on
0.085,tb2,on
0.147,tb2,on
0.114,tb2,on
0.804,tb2,on
0.189,tb2,on
0.149,tb2,on
0.11,tb2,on
0.079,tb2,on
0.158,tb2,on
0.109,tb2,on
0.104,tb2,on
0.087,tb2,on
0.1,tb2,on
0.043,tb2,on
0.034,tb2,on
0.261,tb2,on
0.148,tb2,on
0.112,tb2,on
0.066,tb2,on
0.084,tb2,on
0.113,tb2,on
0.067,tb2,on
0.145,tb2,on
0.075,tb2,on
0.102,tb2,on
0.135,tb2,on
0.173,tb2,on
0.248,tb2,on
0.093,tb2,on
0.093,tb2,on
0.052,tb2,on
0.125,tb2,on
0.634,tb2,on
0.104,tb2,on
0.114,tb2,on
0.171,tb2,on
0.15,tb2,on
0.098,tb2,on
0.211,tb2,on
0.135,tb2,on
0.109,tb2,on
0.101,tb2,on
0.126,tb2,on
0.183,tb2,on
0.046,tb2,on
0.12,tb2,on
0.104,tb2,on
0.189,tb2,on
0.11,tb2,on
0.097,tb2,on
0.079,tb2,on
0.064,tb2,on
0.101,tb2,on
0.097,tb2,on
0.064,tb2,on
0.073,tb2,on
0.085,tb2,on
0.035,tb2,on
0.033,tb2,on
0.093,tb2,on
0.104,tb2,on
0.061,tb2,on
0.041,tb2,on
0.047,tb2,on
0.191,tb2,on
0.073,tb2,on
0.106,tb2,on
0.06,tb2,on
0.076,tb2,on
0.361,tb2,on
0.259,tb2,on
0.808,tb2,on
0.061,tb2,on
0.074,tb2,on
0.052,tb2,on
0.078,tb2,on
0.142,tb2,on
0.06,tb2,on
0.144,tb2,on
0.118,tb2,on
0.099,tb2,on
0.086,tb2,on
0.117,tb2,on
0.19,tb2,on
0.095,tb2,on
0.126,tb2,on
0.599,tb2,on
0.153,tb2,on
0.312,tb2,on
0.206,tb2,on
0.684,tb2,on
0.178,tb2,on
0.319,tb2,on
0.102,tb2,on
0.164,tb2,on
0.216,tb2,on
0.232,tb2,on
0.106,tb2,on
0.118,tb2,on
0.107,tb2,on
0.055,tb2,on
0.064,tb2,on
0.106,tb2,on
0.279,tb2,on
0.123,tb2,on
0.079,tb2,on
0.149,tb2,on
0.073,tb2,on
0.15,tb2,on
0.288,tb2,on
0.201,tb2,on
0.243,tb2,on
0.114,tb2,on
0.125,tb2,on
0.173,tb2,on
0.134,tb2,on
0.096,tb2,on
0.134,tb2,on
0.447,tb2,on
0.818,tb2,on
0.156,tb2,on
0.1,tb2,on
0.097,tb2,on
0.307,tb2,on
0.18,tb2,on
0.143,tb2,on
0.087,tb2,on
0.092,tb2,on
0.118,tb2,on
0.093,tb2,on
0.149,tb2,on
0.146,tb2,on
0.852,tb2,on
0.137,tb2,on
0.156,tb2,on
0.117,tb2,on
0.093,tb2,on
0.204,tb2,on
0.137,tb2,on
0.093,tb2,on
0.086,tb2,on
0.117,tb2,on
0.04,tb2,on
0.034,tb2,on
0.171,tb2,on
0.157,tb2,on
0.088,tb2,on
0.063,tb2,on
0.091,tb2,on
0.122,tb2,on
0.071,tb2,on
0.158,tb2,on
0.081,tb2,on
0.14,tb2,on
0.183,tb2,on
0.189,tb2,on
0.346,tb2,on
0.083,tb2,on
0.096,tb2,on
0.077,tb2,on
0.136,tb2,on
0.635,tb2,on
0.09,tb2,on
0.14,tb2,on
0.151,tb2,on
0.203,tb2,on
0.134,tb2,on
0.166,tb2,on
0.122,tb2,on
0.11,tb2,on
0.104,tb2,on
0.137,tb2,on
0.607,tb2,on
0.093,tb2,on
0.088,tb2,on
0.188,tb2,on
0.086,tb2,on
0.173,tb2,on
0.142,tb2,on
0.184,tb2,on
0.103,tb2,on
0.143,tb2,on
0.175,tb2,on
0.064,tb2,on
0.081,tb2,on
0.492,tb2,on
0.128,tb2,on
0.097,tb2,on
0.093,tb2,on
0.623,tb2,on
0.045,tb2,on
0.106,tb2,on
0.083,tb2,on
0.143,tb2,on
0.578,tb2,on
0.043,tb2,on
0.059,tb2,on
0.083,tb2,on
0.721,tb2,on
0.08,tb2,on
0.104,tb2,on
0.185,tb2,on
0.123,tb2,on
0.638,tb2,on
0.067,tb2,on
0.1,tb2,on
0.248,tb2,on
0.664,tb2,on
0.144,tb2,on
0.049,tb2,on
0.089,tb2,on
0.064,tb2,on
0.168,tb2,on
0.311,tb2,on
0.747,tb2,on
0.357,tb2,on
0.138,tb2,on
0.176,tb2,on
0.834,tb2,on
0.363,tb2,on
0.11,tb2,on
0.196,tb2,on
0.129,tb2,on
0.06,tb2,on
0.087,tb2,on
0.156,tb2,on
0.33,tb2,on
0.135,tb2,on
0.075,tb2,on
0.101,tb2,on
0.09,tb2,on
0.107,tb2,on
0.134,tb2,on
0.133,tb2,on
0.207,tb2,on
0.111,tb2,on
0.126,tb2,on
0.16,tb2,on
0.126,tb2,on
0.108,tb2,on
0.09,tb2,on
0.716,tb2,on
0.351,tb2,on
0.13,tb2,on
0.659,tb2,on
0.143,tb2,on
0.353,tb2,on
0.117,tb2,on
0.225,tb2,on
0.088,tb2,on
0.091,tb2,on
0.088,tb2,on
0.169,tb2,on
0.124,tb2,on
0.208,tb2,on
0.129,tb2,on
0.139,tb2,on
0.181,tb2,on
0.223,tb2,on
0.143,tb2,on
0.134,tb2,on
0.167,tb2,on
0.062,tb2,on
0.061,tb2,on
0.64,tb2,on
0.213,tb2,on
0.14,tb2,on
0.074,tb2,on
0.489,tb2,on
0.062,tb2,on
0.142,tb2,on
0.097,tb2,on
0.215,tb2,on
0.708,tb2,on
0.084,tb2,on
0.082,tb2,on
0.125,tb2,on
0.627,tb2,on
0.124,tb2,on
0.122,tb2,on
0.147,tb2,on
0.148,tb2,on
0.572,tb2,on
0.105,tb2,on
0.142,tb2,on
0.288,tb2,on
0.833,tb2,on
0.213,tb2,on
0.081,tb2,on
0.186,tb2,on
0.11,tb2,on
0.318,tb2,on
0.302,tb2,on
0.14,tb2,on
0.118,tb2,on
0.175,tb2,on
0.213,tb2,on
0.121,tb2,on
0.111,tb2,on
0.105,tb2,on
0.055,tb2,on
0.053,tb2,on
0.165,tb2,on
0.225,tb2,on
0.117,tb2,on
0.061,tb2,on
0.115,tb2,on
0.12,tb2,on
0.122,tb2,on
0.158,tb2,on
0.116,tb2,on
0.152,tb2,on
0.183,tb2,on
0.187,tb2,on
0.238,tb2,on
0.11,tb2,on
0.113,tb2,on
0.077,tb2,on
0.214,tb2,on
0.759,tb2,on
0.126,tb2,on
0.147,tb2,on
0.149,tb2,on
0.208,tb2,on
0.117,tb2,on
0.179,tb2,on
0.143,tb2,on
0.111,tb2,on
0.104,tb2,on
0.213,tb2,on
0.127,tb2,on
0.125,tb2,on
0.788,tb2,on
0.15,tb2,on
0.116,tb2,on
0.131,tb2,on
0.104,tb2,on
0.056,tb2,on
0.041,tb2,on
0.192,tb2,on
0.247,tb2,on
0.123,tb2,on
0.078,tb2,on
0.113,tb2,on
0.089,tb2,on
0.084,tb2,on
0.149,tb2,on
0.109,tb2,on
0.142,tb2,on
0.106,tb2,on
0.108,tb2,on
0.15,tb2,on
0.081,tb2,on
0.121,tb2,on
0.058,tb2,on
0.602,tb2,on
0.198,tb2,on
0.094,tb2,on
0.727,tb2,on
0.128,tb2,on
0.165,tb2,on
0.086,tb2,on
0.139,tb2,on
0.104,tb2,on
0.106,tb2,on
0.087,tb2,on
0.17,tb2,on
0.241,tb2,on
0.229,tb2,on
0.826,tb2,on
0.151,tb2,on
0.152,tb2,on
0.143,tb2,on
0.067,tb2,on
0.083,tb2,on
0.155,tb2,on
0.829,tb2,on
0.152,tb2,on
0.098,tb2,on
0.186,tb2,on
0.075,tb2,on
0.088,tb2,on
0.15,tb2,on
0.67,tb2,on
0.22,tb2,on
0.092,tb2,on
0.095,tb2,on
0.129,tb2,on
0.191,tb2,on
0.115,tb2,on
0.105,tb2,on
0.281,tb2,on
0.325,tb2,on
0.198,tb2,on
0.116,tb2,on
0.643,tb2,on
0.914,tb2,on
0.152,tb2,on
0.766,tb2,on
0.075,tb2,on
0.593,tb2,on
0.092,tb2,on
0.151,tb2,on
0.146,tb2,on
0.108,tb2,on
0.775,tb2,on
0.158,tb2,on
0.143,tb2,on
0.084,tb2,on
0.379,tb2,on
0.138,tb2,on
0.138,tb2,on
0.751,tb2,on
0.107,tb2,on
0.079,tb2,on
0.068,tb2,on
0.046,tb2,on
0.07,tb2,on
0.069,tb2,on
0.194,tb2,on
0.077,tb2,on
0.078,tb2,on
0.099,tb2,on
0.099,tb2,on
0.156,tb2,on
0.085,tb2,on
0.081,tb2,on
0.113,tb2,on
0.086,tb2,on
0.084,tb2,on
0.108,tb2,on
0.169,tb2,on
0.091,tb2,on
0.127,tb2,on
0.068,tb2,on
0.087,tb2,on
0.056,tb2,on
0.129,tb2,on
0.168,tb2,on
0.214,tb2,on
0.18,tb2,on
0.202,tb2,on
0.091,tb2,on
0.095,tb2,on
0.095,tb2,on
0.164,tb2,on
0.137,tb2,on
0.095,tb2,on
0.108,tb2,on
0.051,tb2,on
0.061,tb2,on
0.1,tb2,on
0.11,tb2,on
0.198,tb2,on
0.061,tb2,on
0.063,tb2,on
0.085,tb2,on
0.111,tb2,on
0.119,tb2,on
0.115,tb2,on
0.196,tb2,on
0.131,tb2,on
0.152,tb2,on
0.089,tb2,on
0.074,tb2,on
0.249,tb2,on
0.111,tb2,on
0.128,tb2,on
0.051,tb2,on
0.079,tb2,on
0.062,tb2,on
0.182,tb2,on
0.107,tb2,on
0.145,tb2,on
0.148,tb2,on
0.048,tb2,on
0.053,tb2,on
0.163,tb2,on
0.233,tb2,on
0.13,tb2,on
0.079,tb2,on
0.098,tb2,on
0.1,tb2,on
0.113,tb2,on
0.176,tb2,on
0.13,tb2,on
0.209,tb2,on
0.097,tb2,on
0.099,tb2,on
0.164,tb2,on
0.118,tb2,on
0.111,tb2,on
0.086,tb2,on
0.582,tb2,on
0.244,tb2,on
0.114,tb2,on
0.725,tb2,on
0.115,tb2,on
0.323,tb2,on
0.155,tb2,on
0.227,tb2,on
0.095,tb2,on
0.117,tb2,on
0.106,tb2,on
0.105,tb2,on
0.155,tb2,on
0.141,tb2,on
0.064,tb2,on
0.131,tb2,on
0.143,tb2,on
0.744,tb2,on
0.113,tb2,on
0.071,tb2,on
0.16,tb2,on
0.075,tb2,on
0.119,tb2,on
0.104,tb2,on
0.597,tb2,on
0.159,tb2,on
0.089,tb2,on
0.1,tb2,on
0.119,tb2,on
0.158,tb2,on
0.104,tb2,on
0.135,tb2,on
0.189,tb2,on
0.259,tb2,on
0.164,tb2,on
0.192,tb2,on
0.601,tb2,on
0.839,tb2,on
0.124,tb2,on
0.788,tb2,on
0.087,tb2,on
0.584,tb2,on
0.091,tb2,on
0.144,tb2,on
0.173,tb2,on
0.119,tb2,on
0.482,tb2,on
0.124,tb2,on
0.12,tb2,on
0.758,tb2,on
0.113,tb2,on
0.098,tb2,on
0.05,tb2,on
0.061,tb2,on
0.065,tb2,on
0.088,tb2,on
0.163,tb2,on
0.062,tb2,on
0.062,tb2,on
0.088,tb2,on
0.092,tb2,on
0.138,tb2,on
0.095,tb2,on
0.109,tb2,on
0.1,tb2,on
0.137,tb2,on
0.074,tb2,on
0.091,tb2,on
0.146,tb2,on
0.103,tb2,on
0.128,tb2,on
0.055,tb2,on
0.088,tb2,on
0.055,tb2,on
0.787,tb2,on
0.105,tb2,on
0.096,tb2,on
0.125,tb2,on
0.142,tb2,on
0.157,tb2,on
0.124,tb2,on
0.071,tb2,on
0.05,tb2,on
0.066,tb2,on
0.075,tb2,on
0.077,tb2,on
0.168,tb2,on
0.058,tb2,on
0.063,tb2,on
0.097,tb2,on
0.099,tb2,on
0.626,tb2,on
0.681,tb2,on
0.126,tb2,on
0.127,tb2,on
0.094,tb2,on
0.083,tb2,on
0.089,tb2,on
0.191,tb2,on
0.124,tb2,on
0.138,tb2,on
0.049,tb2,on
0.063,tb2,on
0.052,tb2,on
0.084,tb2,on
0.083,tb2,on
0.12,tb2,on
0.127,tb2,on
0.125,tb2,on
0.1,tb2,on
0.085,tb2,on
0.06,tb2,on
0.055,tb2,on
0.081,tb2,on
0.079,tb2,on
0.124,tb2,on
0.07,tb2,on
0.08,tb2,on
0.108,tb2,on
0.124,tb2,on
0.751,tb2,on
0.604,tb2,on
0.12,tb2,on
0.12,tb2,on
0.14,tb2,on
0.133,tb2,on
0.091,tb2,on
0.179,tb2,on
0.117,tb2,on
0.174,tb2,on
0.068,tb2,on
0.104,tb2,on
0.07,tb2,on
0.07,tb2,on
0.049,tb2,on
0.052,tb2,on
0.076,tb2,on
0.55,tb2,on
0.056,tb2,on
0.023,tb2,on
0.046,tb2,on
0.041,tb2,on
0.054,tb2,on
0.066,tb2,on
0.028,tb2,on
0.029,tb2,on
0.043,tb2,on
0.049,tb2,on
0.058,tb2,on
0.09,tb2,on
0.063,tb2,on
0.056,tb2,on
0.076,tb2,on
0.045,tb2,on
0.04,tb2,on
0.069,tb2,on
0.053,tb2,on
0.06,tb2,on
0.027,tb2,on
0.037,tb2,on
0.029,tb2,on
0.05,tb2,on
0.067,tb2,on
0.474,tb2,on
0.069,tb2,on
0.088,tb2,on
0.022,tb2,on
0.057,tb2,on
0.037,tb2,on
0.083,tb2,on
0.056,tb2,on
0.025,tb2,on
0.031,tb2,on
0.035,tb2,on
0.07,tb2,on
0.064,tb2,on
0.092,tb2,on
0.072,tb2,on
0.069,tb2,on
0.088,tb2,on
0.055,tb2,on
0.05,tb2,on
0.086,tb2,on
0.046,tb2,on
0.094,tb2,on
0.023,tb2,on
0.03,tb2,on
0.028,tb2,on
0.19,tb2,on
0.172,tb2,on
0.098,tb2,on
0.483,tb2,on
0.069,tb2,on
0.047,tb2,on
0.103,tb2,on
0.077,tb2,on
0.594,tb2,on
0.091,tb2,on
0.096,tb2,on
0.148,tb2,on
0.552,tb2,on
0.111,tb2,on
0.074,tb2,on
0.109,tb2,on
0.151,tb2,on
0.52,tb2,on
0.105,tb2,on
0.159,tb2,on
0.157,tb2,on
0.545,tb2,on
0.21,tb2,on
0.077,tb2,on
0.089,tb2,on
0.065,tb2,on
0.158,tb2,on
0.082,tb2,on
0.126,tb2,on
0.07,tb2,on
0.079,tb2,on
0.158,tb2,on
0.549,tb2,on
0.277,tb2,on
0.098,tb2,on
0.102,tb2,on
0.142,tb2,on
0.134,tb2,on
0.134,tb2,on
0.088,tb2,on
0.286,tb2,on
0.167,tb2,on
0.129,tb2,on
0.104,tb2,on
0.683,tb2,on
0.801,tb2,on
0.18,tb2,on
0.724,tb2,on
0.08,tb2,on
0.631,tb2,on
0.106,tb2,on
0.123,tb2,on
0.099,tb2,on
0.044,tb2,on
0.057,tb2,on
0.081,tb2,on
0.092,tb2,on
0.21,tb2,on
0.056,tb2,on
0.062,tb2,on
0.087,tb2,on
0.102,tb2,on
0.148,tb2,on
0.091,tb2,on
0.112,tb2,on
0.116,tb2,on
0.126,tb2,on
0.06,tb2,on
0.093,tb2,on
0.151,tb2,on
0.104,tb2,on
0.11,tb2,on
0.048,tb2,on
0.068,tb2,on
0.055,tb2,on
0.095,tb2,on
0.034,tb2,on
0.037,tb2,on
0.066,tb2,on
0.074,tb2,on
0.1,tb2,on
0.035,tb2,on
0.036,tb2,on
0.052,tb2,on
0.08,tb2,on
0.074,tb2,on
0.069,tb2,on
0.073,tb2,on
0.065,tb2,on
0.065,tb2,on
0.052,tb2,on
0.055,tb2,on
0.093,tb2,on
0.08,tb2,on
0.069,tb2,on
0.031,tb2,on
0.047,tb2,on
0.041,tb2,on
0.04,tb2,on
0.121,tb2,on
0.115,tb2,on
0.345,tb2,on
0.631,tb2,on
0.047,tb2,on
0.048,tb2,on
0.062,tb2,on
0.548,tb2,on
0.133,tb2,on
0.117,tb2,on
0.124,tb2,on
0.095,tb2,on
0.597,tb2,on
0.089,tb2,on
0.081,tb2,on
0.128,tb2,on
0.608,tb2,on
0.107,tb2,on
0.058,tb2,on
0.085,tb2,on
0.075,tb2,on
0.051,tb2,on
0.078,tb2,on
0.04,tb2,on
0.053,tb2,on
0.384,tb2,on
0.345,tb2,on
0.162,tb2,on
0.06,tb2,on
0.064,tb2,on
0.035,tb2,on
0.044,tb2,on
0.105,tb2,on
0.038,tb2,on
0.118,tb2,on
0.101,tb2,on
0.077,tb2,on
0.052,tb2,on
0.096,tb2,on
0.343,tb2,on
0.082,tb2,on
0.099,tb2,on
0.377,tb2,on
0.167,tb2,on
0.086,tb2,on
0.067,tb2,on
0.051,tb2,on
0.102,tb2,on
0.077,tb2,on
0.057,tb2,on
0.064,tb2,on
0.105,tb2,on
0.119,tb2,on
0.077,tb2,on
0.088,tb2,on
0.063,tb2,on
0.098,tb2,on
0.091,tb2,on
0.094,tb2,on
0.093,tb2,on
0.077,tb2,on
0.349,tb2,on
0.132,tb2,on
0.127,tb2,on
0.1,tb2,on
0.103,tb2,on
0.167,tb2,on
0.072,tb2,on
0.075,tb2,on
0.087,tb2,on
0.194,tb2,on
0.167,tb2,on
0.102,tb2,on
0.091,tb2,on
0.058,tb2,on
0.146,tb2,on
0.116,tb2,on
0.099,tb2,on
0.097,tb2,on
0.071,tb2,on
0.487,tb2,on
0.141,tb2,on
0.048,tb2,on
0.049,tb2,on
0.066,tb2,on
0.1,tb2,on
0.124,tb2,on
0.101,tb2,on
0.18,tb2,on
0.106,tb2,on
0.184,tb2,on
0.077,tb2,on
0.409,tb2,on
0.591,tb2,on
0.133,tb2,on
0.495,tb2,on
0.054,tb2,on
0.388,tb2,on
0.091,tb2,on
0.072,tb2,on
0.073,tb2,on
0.113,tb2,on
0.663,tb2,on
0.141,tb2,on
0.117,tb2,on
0.168,tb2,on
0.129,tb2,on
0.603,tb2,on
0.077,tb2,on
0.122,tb2,on
0.296,tb2,on
0.788,tb2,on
0.149,tb2,on
0.06,tb2,on
0.098,tb2,on
0.075,tb2,on
0.882,tb2,on
0.309,tb2,on
0.058,tb2,on
0.072,tb2,on
0.046,tb2,on
0.068,tb2,on
0.131,tb2,on
0.053,tb2,on
0.116,tb2,on
0.117,tb2,on
0.092,tb2,on
0.07,tb2,on
0.111,tb2,on
0.856,tb2,on
0.082,tb2,on
0.099,tb2,on
0.321,tb2,on
0.068,tb2,on
0.073,tb2,on
0.05,tb2,on
0.086,tb2,on
0.145,tb2,on
0.062,tb2,on
0.097,tb2,on
0.138,tb2,on
0.097,tb2,on
0.069,tb2,on
0.112,tb2,on
0.856,tb2,on
0.082,tb2,on
0.099,tb2,on
0.069,tb2,on
0.085,tb2,on
0.058,tb2,on
0.117,tb2,on
0.194,tb2,on
0.078,tb2,on
0.118,tb2,on
0.142,tb2,on
0.163,tb2,on
0.107,tb2,on
0.174,tb2,on
0.162,tb2,on
0.093,tb2,on
0.099,tb2,on
0.075,tb2,on
0.087,tb2,on
0.118,tb2,on
0.128,tb2,on
0.6,tb2,on
0.086,tb2,on
0.121,tb2,on
0.186,tb2,on
0.687,tb2,on
0.133,tb2,on
0.065,tb2,on
0.15,tb2,on
0.099,tb2,on
0.534,tb2,on
0.077,tb2,on
0.076,tb2,on
0.1,tb2,on
0.096,tb2,on
0.125,tb2,on
0.109,tb2,on
0.092,tb2,on
0.122,tb2,on
0.081,tb2,on
0.101,tb2,on
0.073,tb2,on
0.098,tb2,on
0.099,tb2,on
0.159,tb2,on
0.079,tb2,on
0.053,tb2,on
0.101,tb2,on
0.138,tb2,on
0.092,tb2,on
0.045,tb2,on
0.061,tb2,on
0.056,tb2,on
0.182,tb2,on
0.156,tb2,on
0.41,tb2,on
0.074,tb2,on
0.274,tb2,on
0.114,tb2,on
0.116,tb2,on
0.052,tb2,on
0.067,tb2,on
0.071,tb2,on
0.158,tb2,on
0.146,tb2,on
0.09,tb2,on
0.233,tb2,on
0.132,tb2,on
0.217,tb2,on
0.1,tb2,on
0.076,tb2,on
0.104,tb2,on
0.092,tb2,on
0.075,tb2,on
0.155,tb2,on
0.562,tb2,on
0.175,tb2,on
0.053,tb2,on
0.078,tb2,on
0.069,tb2,on
0.099,tb2,on
0.119,tb2,on
0.075,tb2,on
0.179,tb2,on
0.141,tb2,on
0.138,tb2,on
0.111,tb2,on
0.624,tb2,on
0.095,tb2,on
0.747,tb2,on
0.115,tb2,on
0.727,tb2,on
0.088,tb2,on
0.187,tb2,on
0.808,tb2,on
0.075,tb2,on
0.594,tb2,on
0.092,tb2,on
0.133,tb2,on
0.058,tb2,on
0.122,tb2,on
0.105,tb2,on
0.108,tb2,on
0.723,tb2,on
0.09,tb2,on
0.129,tb2,on
0.196,tb2,on
0.239,tb2,on
0.168,tb3,on
0.311,tb3,on
0.747,tb3,on
0.357,tb3,on
0.138,tb3,on
0.176,tb3,on
0.834,tb3,on
0.11,tb3,on
0.157,tb3,on
0.108,tb3,on
0.051,tb3,on
0.228,tb3,on
0.132,tb3,on
0.79,tb3,on
0.129,tb3,on
0.06,tb3,on
0.087,tb3,on
0.135,tb3,on
0.279,tb3,on
0.084,tb3,on
0.126,tb3,on
0.108,tb3,on
0.075,tb3,on
0.114,tb3,on
0.168,tb3,on
0.1,tb3,on
0.716,tb3,on
0.351,tb3,on
0.13,tb3,on
0.049,tb3,on
0.062,tb3,on
0.049,tb3,on
0.091,tb3,on
0.088,tb3,on
0.68,tb3,on
0.169,tb3,on
0.124,tb3,on
0.208,tb3,on
0.129,tb3,on
0.139,tb3,on
0.181,tb3,on
0.099,tb3,on
0.715,tb3,on
0.083,tb3,on
0.056,tb3,on
0.16,tb3,on
0.127,tb3,on
0.296,tb3,on
0.167,tb3,on
0.062,tb3,on
0.061,tb3,on
0.14,tb3,on
0.126,tb3,on
0.09,tb3,on
0.627,tb3,on
0.124,tb3,on
0.055,tb3,on
0.185,tb3,on
0.148,tb3,on
0.094,tb3,on
0.147,tb3,on
0.148,tb3,on
0.572,tb3,on
0.047,tb3,on
0.077,tb3,on
0.052,tb3,on
0.186,tb3,on
0.11,tb3,on
0.154,tb3,on
0.318,tb3,on
0.302,tb3,on
0.14,tb3,on
0.118,tb3,on
0.175,tb3,on
0.116,tb3,on
0.2,tb3,on
0.091,tb3,on
0.054,tb3,on
0.837,tb3,on
0.151,tb3,on
0.313,tb3,on
0.105,tb3,on
0.055,tb3,on
0.053,tb3,on
0.117,tb3,on
0.854,tb3,on
0.087,tb3,on
0.11,tb3,on
0.113,tb3,on
0.085,tb3,on
0.105,tb3,on
0.119,tb3,on
0.083,tb3,on
0.214,tb3,on
0.759,tb3,on
0.126,tb3,on
0.039,tb3,on
0.063,tb3,on
0.051,tb3,on
0.111,tb3,on
0.104,tb3,on
0.152,tb3,on
0.213,tb3,on
0.127,tb3,on
0.125,tb3,on
0.788,tb3,on
0.107,tb3,on
0.142,tb3,on
0.104,tb3,on
0.058,tb3,on
0.335,tb3,on
0.17,tb3,on
0.764,tb3,on
0.104,tb3,on
0.056,tb3,on
0.041,tb3,on
0.123,tb3,on
0.228,tb3,on
0.1,tb3,on
0.081,tb3,on
0.121,tb3,on
0.087,tb3,on
0.095,tb3,on
0.193,tb3,on
0.095,tb3,on
0.602,tb3,on
0.198,tb3,on
0.094,tb3,on
0.048,tb3,on
0.071,tb3,on
0.057,tb3,on
0.106,tb3,on
0.087,tb3,on
0.735,tb3,on
0.17,tb3,on
0.241,tb3,on
0.229,tb3,on
0.095,tb3,on
0.155,tb3,on
0.126,tb3,on
0.054,tb3,on
0.181,tb3,on
0.718,tb3,on
0.326,tb3,on
0.143,tb3,on
0.067,tb3,on
0.083,tb3,on
0.152,tb3,on
0.149,tb3,on
0.085,tb3,on
0.191,tb3,on
0.115,tb3,on
0.066,tb3,on
0.152,tb3,on
0.62,tb3,on
0.139,tb3,on
0.281,tb3,on
0.325,tb3,on
0.198,tb3,on
0.052,tb3,on
0.068,tb3,on
0.052,tb3,on
0.593,tb3,on
0.092,tb3,on
0.147,tb3,on
0.151,tb3,on
0.146,tb3,on
0.881,tb3,on
0.12,tb3,on
0.147,tb3,on
0.082,tb3,on
0.116,tb3,on
0.091,tb3,on
0.122,tb3,on
0.143,tb3,on
0.084,tb3,on
0.379,tb3,on
0.751,tb3,on
0.12,tb3,on
0.116,tb3,on
0.099,tb3,on
0.156,tb3,on
0.037,tb3,on
0.106,tb3,on
0.087,tb3,on
0.148,tb3,on
0.081,tb3,on
0.113,tb3,on
0.086,tb3,on
0.06,tb3,on
0.097,tb3,on
0.077,tb3,on
0.087,tb3,on
0.056,tb3,on
0.137,tb3,on
0.129,tb3,on
0.084,tb3,on
0.112,tb3,on
0.099,tb3,on
0.057,tb3,on
0.133,tb3,on
0.105,tb3,on
0.165,tb3,on
0.202,tb3,on
0.091,tb3,on
0.095,tb3,on
0.137,tb3,on
0.092,tb3,on
0.068,tb3,on
0.111,tb3,on
0.119,tb3,on
0.052,tb3,on
0.163,tb3,on
0.115,tb3,on
0.182,tb3,on
0.196,tb3,on
0.131,tb3,on
0.152,tb3,on
0.053,tb3,on
0.056,tb3,on
0.052,tb3,on
0.079,tb3,on
0.062,tb3,on
0.09,tb3,on
0.085,tb3,on
0.111,tb3,on
0.096,tb3,on
0.052,tb3,on
0.229,tb3,on
0.132,tb3,on
0.749,tb3,on
0.148,tb3,on
0.048,tb3,on
0.053,tb3,on
0.13,tb3,on
0.304,tb3,on
0.08,tb3,on
0.118,tb3,on
0.111,tb3,on
0.076,tb3,on
0.096,tb3,on
0.172,tb3,on
0.079,tb3,on
0.582,tb3,on
0.244,tb3,on
0.114,tb3,on
0.046,tb3,on
0.064,tb3,on
0.051,tb3,on
0.117,tb3,on
0.106,tb3,on
0.728,tb3,on
0.134,tb3,on
0.177,tb3,on
0.065,tb3,on
0.097,tb3,on
0.093,tb3,on
0.114,tb3,on
0.087,tb3,on
0.051,tb3,on
0.349,tb3,on
0.684,tb3,on
0.112,tb3,on
0.116,tb3,on
0.055,tb3,on
0.192,tb3,on
0.049,tb3,on
0.154,tb3,on
0.081,tb3,on
0.081,tb3,on
0.065,tb3,on
0.075,tb3,on
0.065,tb3,on
0.052,tb3,on
0.091,tb3,on
0.073,tb3,on
0.076,tb3,on
0.053,tb3,on
0.097,tb3,on
0.079,tb3,on
0.066,tb3,on
0.15,tb3,on
0.247,tb3,on
0.226,tb3,on
0.097,tb3,on
0.052,tb3,on
0.083,tb3,on
0.091,tb3,on
0.163,tb3,on
0.084,tb3,on
0.536,tb3,on
0.111,tb3,on
0.046,tb3,on
0.118,tb3,on
0.094,tb3,on
0.094,tb3,on
0.105,tb3,on
0.122,tb3,on
0.483,tb3,on
0.045,tb3,on
0.074,tb3,on
0.054,tb3,on
0.134,tb3,on
0.09,tb3,on
0.138,tb3,on
0.078,tb3,on
0.078,tb3,on
0.063,tb3,on
0.092,tb3,on
0.096,tb3,on
0.065,tb3,on
0.058,tb3,on
0.183,tb3,on
0.079,tb3,on
0.824,tb3,on
0.069,tb3,on
0.141,tb3,on
0.043,tb3,on
0.115,tb3,on
0.086,tb3,on
0.116,tb3,on
0.073,tb3,on
0.088,tb3,on
0.075,tb3,on
0.071,tb3,on
0.122,tb3,on
0.083,tb3,on
0.057,tb3,on
0.045,tb3,on
0.077,tb3,on
0.054,tb3,on
0.055,tb3,on
0.052,tb3,on
0.075,tb3,on
0.065,tb3,on
0.037,tb3,on
0.067,tb3,on
0.051,tb3,on
0.082,tb3,on
0.045,tb3,on
0.067,tb3,on
0.023,tb3,on
0.061,tb3,on
0.038,tb3,on
0.07,tb3,on
0.035,tb3,on
0.044,tb3,on
0.04,tb3,on
0.134,tb3,on
0.108,tb3,on
0.163,tb3,on
0.054,tb3,on
0.035,tb3,on
0.054,tb3,on
0.184,tb3,on
0.255,tb3,on
0.12,tb3,on
0.062,tb3,on
0.056,tb3,on
0.1,tb3,on
0.807,tb3,on
0.08,tb3,on
0.084,tb3,on
0.115,tb3,on
0.09,tb3,on
0.104,tb3,on
0.127,tb3,on
0.078,tb3,on
0.23,tb3,on
0.74,tb3,on
0.086,tb3,on
0.043,tb3,on
0.059,tb3,on
0.052,tb3,on
0.132,tb3,on
0.104,tb3,on
0.143,tb3,on
0.186,tb3,on
0.094,tb3,on
0.053,tb3,on
0.059,tb3,on
0.071,tb3,on
0.194,tb3,on
0.065,tb3,on
0.058,tb3,on
0.095,tb3,on
0.051,tb3,on
0.082,tb3,on
0.487,tb3,on
0.092,tb3,on
0.107,tb3,on
0.124,tb3,on
0.082,tb3,on
0.049,tb3,on
0.065,tb3,on
0.053,tb3,on
0.732,tb3,on
0.089,tb3,on
0.131,tb3,on
0.114,tb3,on
0.057,tb3,on
0.072,tb3,on
0.11,tb3,on
0.221,tb3,on
0.074,tb3,on
0.102,tb3,on
0.123,tb3,on
0.063,tb3,on
0.169,tb3,on
0.149,tb3,on
0.105,tb3,on
0.551,tb3,on
0.204,tb3,on
0.127,tb3,on
0.045,tb3,on
0.066,tb3,on
0.05,tb3,on
0.155,tb3,on
0.13,tb3,on
0.765,tb3,on
0.084,tb3,on
0.083,tb3,on
0.125,tb3,on
0.093,tb3,on
0.093,tb3,on
0.124,tb3,on
0.751,tb3,on
0.052,tb3,on
0.739,tb3,on
0.092,tb3,on
0.124,tb3,on
0.12,tb3,on
0.12,tb3,on
0.14,tb3,on
0.06,tb3,on
0.073,tb3,on
0.071,tb3,on
0.104,tb3,on
0.07,tb3,on
0.107,tb3,on
0.07,tb3,on
0.076,tb3,on
0.037,tb3,on
0.067,tb3,on
0.049,tb3,on
0.058,tb3,on
0.036,tb3,on
0.072,tb3,on
0.056,tb3,on
0.101,tb3,on
0.063,tb3,on
0.056,tb3,on
0.076,tb3,on
0.065,tb3,on
0.075,tb3,on
0.058,tb3,on
0.037,tb3,on
0.029,tb3,on
0.036,tb3,on
0.474,tb3,on
0.041,tb3,on
0.052,tb3,on
0.07,tb3,on
0.064,tb3,on
0.039,tb3,on
0.084,tb3,on
0.05,tb3,on
0.074,tb3,on
0.072,tb3,on
0.069,tb3,on
0.088,tb3,on
0.037,tb3,on
0.042,tb3,on
0.03,tb3,on
0.03,tb3,on
0.028,tb3,on
0.034,tb3,on
0.079,tb3,on
0.142,tb3,on
0.102,tb3,on
0.148,tb3,on
0.052,tb3,on
0.135,tb3,on
0.103,tb3,on
0.116,tb3,on
0.112,tb3,on
0.116,tb3,on
0.126,tb3,on
0.064,tb3,on
0.113,tb3,on
0.068,tb3,on
0.068,tb3,on
0.055,tb3,on
0.088,tb3,on
0.064,tb3,on
0.069,tb3,on
0.106,tb3,on
0.072,tb3,on
0.081,tb3,on
0.112,tb3,on
0.072,tb3,on
0.098,tb3,on
0.681,tb3,on
0.072,tb3,on
0.039,tb3,on
0.055,tb3,on
0.049,tb3,on
0.113,tb3,on
0.128,tb3,on
0.264,tb3,on
0.072,tb3,on
0.113,tb3,on
0.058,tb3,on
0.095,tb3,on
0.088,tb3,on
0.078,tb3,on
0.065,tb3,on
0.071,tb3,on
0.068,tb3,on
0.061,tb3,on
0.113,tb3,on
0.071,tb3,on
0.069,tb3,on
0.05,tb3,on
0.063,tb3,on
0.075,tb3,on
0.046,tb3,on
0.093,tb3,on
0.088,tb3,on
0.077,tb3,on
0.118,tb3,on
0.128,tb3,on
0.6,tb3,on
0.034,tb3,on
0.049,tb3,on
0.037,tb3,on
0.15,tb3,on
0.099,tb3,on
0.093,tb3,on
0.063,tb3,on
0.748,tb3,on
0.162,tb3,on
0.069,tb3,on
0.077,tb3,on
0.076,tb3,on
0.1,tb3,on
0.047,tb3,on
0.079,tb3,on
0.061,tb3,on
0.101,tb3,on
0.073,tb3,on
0.092,tb3,on
0.068,tb3,on
0.168,tb3,on
0.038,tb3,on
0.1,tb3,on
0.088,tb3,on
0.085,tb3,on
0.025,tb3,on
0.036,tb3,on
0.026,tb3,on
0.054,tb3,on
0.358,tb3,on
0.04,tb3,on
0.136,tb3,on
0.117,tb3,on
0.107,tb3,on
0.092,tb3,on
0.161,tb3,on
0.057,tb3,on
0.085,tb3,on
0.062,tb3,on
0.106,tb3,on
0.08,tb3,on
0.079,tb3,on
0.071,tb3,on
0.193,tb3,on
0.1,tb3,on
0.13,tb3,on
0.039,tb3,on
0.063,tb3,on
0.042,tb3,on
0.489,tb3,on
0.092,tb3,on
0.085,tb3,on
0.099,tb3,on
0.095,tb3,on
0.109,tb3,on
0.079,tb3,on
0.088,tb3,on
0.076,tb3,on
0.061,tb3,on
0.051,tb3,on
0.074,tb3,on
0.182,tb3,on
0.156,tb3,on
0.037,tb3,on
0.049,tb3,on
0.036,tb3,on
0.067,tb3,on
0.071,tb3,on
0.432,tb3,on
0.158,tb3,on
0.042,tb3,on
0.054,tb3,on
0.043,tb3,on
0.076,tb3,on
0.104,tb3,on
0.145,tb3,on
0.044,tb3,on
0.055,tb3,on
0.04,tb3,on
0.078,tb3,on
0.069,tb3,on
0.07,tb3,on
0.154,tb3,on
0.334,tb3,on
0.036,tb3,on
0.029,tb3,on
0.041,tb3,on
0.162,tb3,on
0.054,tb3,on
0.04,tb3,on
0.059,tb3,on
0.047,tb3,on
0.031,tb3,on
0.052,tb3,on
0.239,tb3,on
0.132,tb3,on
0.11,tb3,on
0.134,tb4,on
0.177,tb4,on
0.065,tb4,on
0.097,tb4,on
0.093,tb4,on
0.114,tb4,on
0.112,tb4,on
0.116,tb4,on
0.093,tb4,on
0.049,tb4,on
0.154,tb4,on
0.081,tb4,on
0.081,tb4,on
0.07,tb4,on
0.092,tb4,on
0.082,tb4,on
0.165,tb4,on
0.111,tb4,on
0.077,tb4,on
0.135,tb4,on
0.115,tb4,on
0.052,tb4,on
0.091,tb4,on
0.073,tb4,on
0.073,tb4,on
0.038,tb4,on
0.097,tb4,on
0.075,tb4,on
0.079,tb4,on
0.066,tb4,on
0.15,tb4,on
0.247,tb4,on
0.226,tb4,on
0.163,tb4,on
0.084,tb4,on
0.118,tb4,on
0.046,tb4,on
0.118,tb4,on
0.094,tb4,on
0.094,tb4,on
0.099,tb4,on
0.655,tb4,on
0.097,tb4,on
0.187,tb4,on
0.101,tb4,on
0.114,tb4,on
0.162,tb4,on
0.214,tb4,on
0.045,tb4,on
0.074,tb4,on
0.054,tb4,on
0.055,tb4,on
0.031,tb4,on
0.138,tb4,on
0.112,tb4,on
0.078,tb4,on
0.078,tb4,on
0.063,tb4,on
0.092,tb4,on
0.079,tb4,on
0.824,tb4,on
0.102,tb4,on
0.043,tb4,on
0.115,tb4,on
0.086,tb4,on
0.116,tb4,on
0.043,tb4,on
0.101,tb4,on
0.064,tb4,on
0.086,tb4,on
0.107,tb4,on
0.057,tb4,on
0.084,tb4,on
0.095,tb4,on
0.071,tb4,on
0.122,tb4,on
0.083,tb4,on
0.087,tb4,on
0.053,tb4,on
0.077,tb4,on
0.051,tb4,on
0.054,tb4,on
0.055,tb4,on
0.052,tb4,on
0.051,tb4,on
0.082,tb4,on
0.054,tb4,on
0.023,tb4,on
0.061,tb4,on
0.038,tb4,on
0.07,tb4,on
0.039,tb4,on
0.056,tb4,on
0.046,tb4,on
0.057,tb4,on
0.085,tb4,on
0.044,tb4,on
0.071,tb4,on
0.053,tb4,on
0.134,tb4,on
0.108,tb4,on
0.163,tb4,on
0.068,tb4,on
0.029,tb4,on
0.054,tb4,on
0.039,tb4,on
0.184,tb4,on
0.255,tb4,on
0.807,tb4,on
0.08,tb4,on
0.155,tb4,on
0.09,tb4,on
0.104,tb4,on
0.127,tb4,on
0.078,tb4,on
0.128,tb4,on
0.178,tb4,on
0.221,tb4,on
0.176,tb4,on
0.069,tb4,on
0.129,tb4,on
0.122,tb4,on
0.23,tb4,on
0.043,tb4,on
0.059,tb4,on
0.052,tb4,on
0.063,tb4,on
0.056,tb4,on
0.143,tb4,on
0.138,tb4,on
0.186,tb4,on
0.194,tb4,on
0.065,tb4,on
0.641,tb4,on
0.051,tb4,on
0.082,tb4,on
0.487,tb4,on
0.092,tb4,on
0.103,tb4,on
0.124,tb4,on
0.111,tb4,on
0.79,tb4,on
0.094,tb4,on
0.12,tb4,on
0.146,tb4,on
0.188,tb4,on
0.049,tb4,on
0.065,tb4,on
0.053,tb4,on
0.066,tb4,on
0.046,tb4,on
0.131,tb4,on
0.128,tb4,on
0.221,tb4,on
0.074,tb4,on
0.141,tb4,on
0.063,tb4,on
0.169,tb4,on
0.149,tb4,on
0.105,tb4,on
0.103,tb4,on
0.171,tb4,on
0.128,tb4,on
0.202,tb4,on
0.082,tb4,on
0.152,tb4,on
0.164,tb4,on
0.825,tb4,on
0.045,tb4,on
0.066,tb4,on
0.05,tb4,on
0.053,tb4,on
0.048,tb4,on
0.765,tb4,on
0.133,tb4,on
0.064,tb4,on
0.182,tb4,on
0.072,tb4,on
0.081,tb4,on
0.112,tb4,on
0.072,tb4,on
0.148,tb4,on
0.098,tb4,on
0.158,tb4,on
0.181,tb4,on
0.115,tb4,on
0.184,tb4,on
0.159,tb4,on
0.213,tb4,on
0.039,tb4,on
0.055,tb4,on
0.049,tb4,on
0.05,tb4,on
0.031,tb4,on
0.264,tb4,on
0.189,tb4,on
0.121,tb4,on
0.058,tb4,on
0.095,tb4,on
0.088,tb4,on
0.078,tb4,on
0.047,tb4,on
0.081,tb4,on
0.07,tb4,on
0.085,tb4,on
0.078,tb4,on
0.051,tb4,on
0.075,tb4,on
0.08,tb4,on
0.061,tb4,on
0.113,tb4,on
0.071,tb4,on
0.105,tb4,on
0.045,tb4,on
0.063,tb4,on
0.048,tb4,on
0.102,tb4,on
0.089,tb4,on
0.787,tb4,on
0.086,tb4,on
0.081,tb4,on
0.116,tb4,on
0.127,tb4,on
0.672,tb4,on
0.084,tb4,on
0.094,tb4,on
0.12,tb4,on
0.158,tb4,on
0.048,tb4,on
0.069,tb4,on
0.052,tb4,on
0.069,tb4,on
0.053,tb4,on
0.181,tb4,on
0.082,tb4,on
0.068,tb4,on
0.168,tb4,on
0.038,tb4,on
0.054,tb4,on
0.067,tb4,on
0.112,tb4,on
0.123,tb4,on
0.034,tb4,on
0.054,tb4,on
0.044,tb4,on
0.073,tb4,on
0.025,tb4,on
0.036,tb4,on
0.026,tb4,on
0.049,tb4,on
0.051,tb4,on
0.04,tb4,on
0.054,tb4,on
0.136,tb4,on
0.117,tb4,on
0.052,tb4,on
0.176,tb4,on
0.078,tb4,on
0.184,tb4,on
0.107,tb4,on
0.069,tb4,on
0.144,tb4,on
0.158,tb4,on
0.057,tb4,on
0.085,tb4,on
0.062,tb4,on
0.075,tb4,on
0.369,tb4,on
0.079,tb4,on
0.062,tb4,on
0.071,tb4,on
0.047,tb4,on
0.136,tb4,on
0.079,tb4,on
0.556,tb4,on
0.07,tb4,on
0.067,tb4,on
0.094,tb4,on
0.166,tb4,on
0.039,tb4,on
0.063,tb4,on
0.042,tb4,on
0.075,tb4,on
0.068,tb4,on
0.085,tb4,on
0.06,tb4,on
0.041,tb4,on
0.144,tb4,on
0.051,tb4,on
0.068,tb4,on
0.608,tb4,on
0.059,tb4,on
0.103,tb4,on
0.12,tb4,on
0.079,tb4,on
0.088,tb4,on
0.076,tb4,on
0.101,tb4,on
0.085,tb4,on
0.074,tb4,on
0.051,tb4,on
0.056,tb4,on
0.198,tb4,on
0.105,tb4,on
0.068,tb4,on
0.264,tb4,on
0.087,tb4,on
0.099,tb4,on
0.027,tb4,on
0.039,tb4,on
0.035,tb4,on
0.03,tb4,on
0.017,tb4,on
0.155,tb4,on
0.796,tb4,on
0.102,tb4,on
0.143,tb4,on
0.082,tb4,on
0.093,tb4,on
0.14,tb4,on
0.171,tb4,on
0.055,tb4,on
0.063,tb4,on
0.053,tb4,on
0.099,tb4,on
0.158,tb4,on
0.083,tb4,on
0.07,tb4,on
0.138,tb4,on
0.059,tb4,on
0.679,tb4,on
0.084,tb4,on
0.133,tb4,on
0.036,tb4,on
0.052,tb4,on
0.043,tb4,on
0.048,tb4,on
0.042,tb4,on
0.129,tb4,on
0.201,tb4,on
0.109,tb4,on
0.123,tb4,on
0.13,tb4,on
0.202,tb4,on
0.043,tb4,on
0.07,tb4,on
0.056,tb4,on
0.061,tb4,on
0.043,tb4,on
0.123,tb4,on
0.121,tb4,on
0.095,tb4,on
0.158,tb4,on
0.081,tb4,on
0.06,tb4,on
0.082,tb4,on
0.082,tb4,on
0.075,tb4,on
0.046,tb4,on
0.106,tb4,on
0.072,tb4,on
0.112,tb4,on
0.15,tb4,on
0.03,tb4,on
0.046,tb4,on
0.04,tb4,on
0.036,tb4,on
0.027,tb4,on
0.192,tb4,on
0.323,tb4,on
0.157,tb4,on
0.049,tb4,on
0.063,tb4,on
0.064,tb4,on
0.067,tb4,on
0.063,tb4,on
0.155,tb4,on
0.093,tb4,on
0.05,tb4,on
0.072,tb4,on
0.052,tb4,on
0.06,tb4,on
0.057,tb4,on
0.743,tb4,on
0.129,tb4,on
0.154,tb4,on
0.334,tb4,on
0.09,tb4,on
0.04,tb4,on
0.041,tb4,on
0.03,tb4,on
0.162,tb4,on
0.108,tb4,on
0.041,tb4,on
0.059,tb4,on
0.042,tb4,on
0.077,tb4,on
0.034,tb4,on
0.052,tb4,on
0.038,tb4,on
0.112,tb4,on
0.044,tb4,on
0.034,tb4,on
0.03,tb4,on
0.021,tb4,on
0.161,tb4,on
0.046,tb5,on
0.081,tb5,on
0.116,tb5,on
0.127,tb5,on
0.672,tb5,on
0.084,tb5,on
0.094,tb5,on
0.12,tb5,on
0.158,tb5,on
0.098,tb5,on
0.152,tb5,on
0.07,tb5,on
0.167,tb5,on
0.146,tb5,on
0.096,tb5,on
0.811,tb5,on
0.094,tb5,on
0.108,tb5,on
0.117,tb5,on
0.638,tb5,on
0.113,tb5,on
0.101,tb5,on
0.093,tb5,on
0.137,tb5,on
0.096,tb5,on
0.149,tb5,on
0.096,tb5,on
0.174,tb5,on
0.069,tb5,on
0.053,tb5,on
0.082,tb5,on
0.188,tb5,on
0.114,tb5,on
0.125,tb5,on
0.034,tb5,on
0.058,tb5,on
0.04,tb5,on
0.055,tb5,on
0.075,tb5,on
0.04,tb5,on
0.062,tb5,on
0.052,tb5,on
0.042,tb5,on
0.046,tb5,on
0.034,tb5,on
0.051,tb5,on
0.075,tb5,on
0.042,tb5,on
0.05,tb5,on
0.036,tb5,on
0.06,tb5,on
0.048,tb5,on
0.05,tb5,on
0.044,tb5,on
0.074,tb5,on
0.037,tb5,on
0.059,tb5,on
0.047,tb5,on
0.075,tb5,on
0.042,tb5,on
0.039,tb5,on
0.058,tb5,on
0.028,tb5,on
0.038,tb5,on
0.055,tb5,on
0.047,tb5,on
0.036,tb5,on
0.056,tb5,on
0.198,tb5,on
0.105,tb5,on
0.068,tb5,on
0.264,tb5,on
0.087,tb5,on
0.099,tb5,on
0.271,tb5,on
0.196,tb5,on
0.379,tb5,on
0.124,tb5,on
0.079,tb5,on
0.267,tb5,on
0.112,tb5,on
0.833,tb5,on
0.051,tb5,on
0.15,tb5,on
0.121,tb5,on
0.186,tb5,on
0.074,tb5,on
0.322,tb5,on
0.088,tb5,on
0.134,tb5,on
0.08,tb5,on
0.244,tb5,on
0.095,tb5,on
0.03,tb5,on
0.017,tb5,on
0.796,tb5,on
0.107,tb5,on
0.16,tb5,on
0.158,tb5,on
0.102,tb5,on
0.143,tb5,on
0.082,tb5,on
0.093,tb5,on
0.14,tb5,on
0.171,tb5,on
0.089,tb5,on
0.098,tb5,on
0.056,tb5,on
0.119,tb5,on
0.699,tb5,on
0.092,tb5,on
0.151,tb5,on
0.067,tb5,on
0.562,tb5,on
0.141,tb5,on
0.137,tb5,on
0.114,tb5,on
0.091,tb5,on
0.062,tb5,on
0.694,tb5,on
0.115,tb5,on
0.271,tb5,on
0.083,tb5,on
0.115,tb5,on
0.099,tb5,on
0.158,tb5,on
0.07,tb5,on
0.078,tb5,on
0.076,tb5,on
0.076,tb5,on
0.138,tb5,on
0.059,tb5,on
0.679,tb5,on
0.084,tb5,on
0.133,tb5,on
0.708,tb5,on
0.741,tb5,on
0.148,tb5,on
0.166,tb5,on
0.097,tb5,on
0.201,tb5,on
0.141,tb5,on
0.212,tb5,on
0.082,tb5,on
0.207,tb5,on
0.107,tb5,on
0.152,tb5,on
0.069,tb5,on
0.341,tb5,on
0.104,tb5,on
0.127,tb5,on
0.1,tb5,on
0.301,tb5,on
0.18,tb5,on
0.048,tb5,on
0.042,tb5,on
0.201,tb5,on
0.096,tb5,on
0.211,tb5,on
0.75,tb5,on
0.109,tb5,on
0.123,tb5,on
0.13,tb5,on
0.202,tb5,on
0.187,tb5,on
0.156,tb5,on
0.092,tb5,on
0.191,tb5,on
0.146,tb5,on
0.123,tb5,on
0.796,tb5,on
0.105,tb5,on
0.112,tb5,on
0.336,tb5,on
0.775,tb5,on
0.147,tb5,on
0.086,tb5,on
0.104,tb5,on
0.184,tb5,on
0.134,tb5,on
0.154,tb5,on
0.157,tb5,on
0.108,tb5,on
0.061,tb5,on
0.043,tb5,on
0.121,tb5,on
0.127,tb5,on
0.119,tb5,on
0.071,tb5,on
0.095,tb5,on
0.158,tb5,on
0.081,tb5,on
0.08,tb5,on
0.081,tb5,on
0.061,tb5,on
0.114,tb5,on
0.093,tb5,on
0.08,tb5,on
0.088,tb5,on
0.066,tb5,on
0.084,tb5,on
0.09,tb5,on
0.116,tb5,on
0.109,tb5,on
0.196,tb5,on
0.068,tb5,on
0.104,tb5,on
0.096,tb5,on
0.114,tb5,on
0.072,tb5,on
0.058,tb5,on
0.075,tb5,on
0.046,tb5,on
0.072,tb5,on
0.135,tb5,on
0.076,tb5,on
0.047,tb5,on
0.112,tb5,on
0.15,tb5,on
0.91,tb5,on
0.893,tb5,on
0.2,tb5,on
0.185,tb5,on
0.09,tb5,on
0.261,tb5,on
0.134,tb5,on
0.179,tb5,on
0.081,tb5,on
0.186,tb5,on
0.184,tb5,on
0.595,tb5,on
0.089,tb5,on
0.173,tb5,on
0.118,tb5,on
0.219,tb5,on
0.1,tb5,on
0.19,tb5,on
0.118,tb5,on
0.036,tb5,on
0.027,tb5,on
0.323,tb5,on
0.107,tb5,on
0.157,tb5,on
0.54,tb5,on
0.157,tb5,on
0.116,tb5,on
0.139,tb5,on
0.078,tb5,on
0.16,tb5,on
0.245,tb5,on
0.112,tb5,on
0.172,tb5,on
0.09,tb5,on
0.643,tb5,on
0.139,tb5,on
0.143,tb5,on
0.131,tb5,on
0.194,tb5,on
0.082,tb5,on
0.234,tb5,on
0.14,tb5,on
0.893,tb5,on
0.09,tb5,on
0.096,tb5,on
0.067,tb5,on
0.063,tb5,on
0.093,tb5,on
0.884,tb5,on
0.084,tb5,on
0.075,tb5,on
0.149,tb5,on
0.209,tb5,on
0.083,tb5,on
0.214,tb5,on
0.173,tb5,on
0.122,tb5,on
0.511,tb5,on
0.099,tb5,on
0.152,tb5,on
0.281,tb5,on
0.152,tb5,on
0.197,tb5,on
0.081,tb5,on
0.096,tb5,on
0.321,tb5,on
0.205,tb5,on
0.135,tb5,on
0.108,tb5,on
0.164,tb5,on
0.06,tb5,on
0.057,tb5,on
0.129,tb5,on
0.126,tb5,on
0.12,tb5,on
0.137,tb5,on
0.922,tb5,on
0.208,tb5,on
0.189,tb5,on
0.105,tb5,on
0.269,tb5,on
0.135,tb5,on
0.234,tb5,on
0.077,tb5,on
0.344,tb5,on
0.118,tb5,on
0.237,tb5,on
0.088,tb5,on
0.223,tb5,on
0.122,tb5,on
0.163,tb5,on
0.117,tb5,on
0.358,tb5,on
0.16,tb5,on
0.04,tb5,on
0.024,tb5,on
0.223,tb5,on
0.122,tb5,on
0.126,tb5,on
0.528,tb5,on
0.196,tb5,on
0.257,tb5,on
0.15,tb5,on
0.361,tb5,on
0.175,tb5,on
0.239,tb5,on
0.095,tb5,on
0.251,tb5,on
0.119,tb5,on
0.242,tb5,on
0.087,tb5,on
0.223,tb5,on
0.154,tb5,on
0.168,tb5,on
0.14,tb5,on
0.261,tb5,on
0.25,tb5,on
0.039,tb5,on
0.03,tb5,on
0.225,tb5,on
0.143,tb5,on
0.158,tb5,on
0.557,tb5,on
0.124,tb5,on
0.079,tb5,on
0.267,tb5,on
0.082,tb5,on
0.323,tb5,on
0.051,tb5,on
0.126,tb5,on
0.088,tb5,on
0.147,tb5,on
0.061,tb5,on
0.223,tb5,on
0.079,tb5,on
0.11,tb5,on
0.08,tb5,on
0.244,tb5,on
0.095,tb5,on
0.026,tb5,on
0.013,tb5,on
0.308,tb5,on
0.084,tb5,on
0.126,tb5,on
0.117,tb5,on
0.146,tb5,on
0.182,tb5,on
0.194,tb5,on
0.151,tb5,on
0.094,tb5,on
0.857,tb5,on
0.141,tb5,on
0.242,tb5,on
0.089,tb5,on
0.142,tb5,on
0.163,tb5,on
0.761,tb5,on
0.133,tb5,on
0.169,tb5,on
0.278,tb5,on
0.049,tb5,on
0.046,tb5,on
0.141,tb5,on
0.13,tb5,on
0.202,tb5,on
0.119,tb5,on
0.125,tb5,on
0.17,tb5,on
0.09,tb5,on
0.196,tb5,on
0.15,tb5,on
0.121,tb5,on
0.104,tb5,on
0.107,tb5,on
0.088,tb5,on
0.873,tb5,on
0.119,tb5,on
0.354,tb5,on
0.091,tb5,on
0.121,tb5,on
0.068,tb5,on
0.048,tb5,on
0.096,tb5,on
0.149,tb5,on
0.107,tb5,on
0.101,tb5,on
0.109,tb5,on
0.326,tb5,on
0.081,tb5,on
0.19,tb5,on
0.119,tb5,on
0.238,tb5,on
0.08,tb5,on
0.78,tb5,on
0.123,tb5,on
0.167,tb5,on
0.12,tb5,on
0.854,tb5,on
0.163,tb5,on
0.037,tb5,on
0.026,tb5,on
0.327,tb5,on
0.107,tb5,on
0.165,tb5,on
0.164,tb5,on
0.113,tb5,on
0.14,tb5,on
0.215,tb5,on
0.741,tb5,on
0.164,tb5,on
0.102,tb5,on
0.111,tb5,on
0.344,tb5,on
0.166,tb5,on
0.14,tb5,on
0.109,tb5,on
0.133,tb5,on
0.066,tb5,on
0.059,tb5,on
0.11,tb5,on
0.169,tb5,on
0.112,tb5,on
0.104,tb5,on
0.064,tb5,on
0.167,tb5,on
0.118,tb5,on
0.185,tb5,on
0.067,tb5,on
0.343,tb5,on
0.089,tb5,on
0.136,tb5,on
0.086,tb5,on
0.231,tb5,on
0.141,tb5,on
0.031,tb5,on
0.027,tb5,on
0.771,tb5,on
0.098,tb5,on
0.162,tb5,on
0.173,tb5,on
0.122,tb5,on
0.112,tb5,on
0.098,tb5,on
0.11,tb5,on
0.057,tb5,on
0.193,tb5,on
0.097,tb5,on
0.677,tb5,on
0.067,tb5,on
0.09,tb5,on
0.079,tb5,on
0.122,tb5,on
0.063,tb5,on
0.599,tb5,on
0.064,tb5,on
0.072,tb5,on
0.143,tb5,on
0.245,tb5,on
0.091,tb5,on
0.142,tb5,on
0.181,tb5,on
0.787,tb5,on
0.16,tb5,on
0.187,tb5,on
0.194,tb5,on
0.052,tb5,on
0.039,tb5,on
0.181,tb5,on
0.135,tb5,on
0.133,tb5,on
0.102,tb5,on
0.259,tb5,on
0.127,tb5,on
0.101,tb5,on
0.143,tb5,on
0.249,tb5,on
0.121,tb5,on
0.088,tb5,on
0.084,tb5,on
0.051,tb5,on
0.045,tb5,on
0.139,tb5,on
0.148,tb5,on
0.111,tb5,on
0.086,tb5,on
0.091,tb5,on
0.142,tb5,on
0.142,tb5,on
0.342,tb5,on
0.111,tb5,on
0.147,tb5,on
0.56,tb5,on
0.042,tb5,on
0.033,tb5,on
0.252,tb5,on
0.113,tb5,on
0.711,tb5,on
0.121,tb5,on
0.064,tb5,on
0.107,tb5,on
0.081,tb5,on
0.162,tb5,on
0.07,tb5,on
0.053,tb5,on
0.103,tb5,on
0.052,tb5,on
0.065,tb5,on
0.147,tb5,on
0.064,tb5,on
0.054,tb5,on
0.088,tb5,on
0.13,tb5,on
0.082,tb5,on
0.782,tb5,on
0.116,tb5,on
0.03,tb5,on
0.019,tb5,on
0.22,tb5,on
0.107,tb5,on
0.21,tb5,on
0.212,tb5,on
0.139,tb5,on
0.194,tb5,on
0.103,tb5,on
0.111,tb5,on
0.064,tb5,on
0.056,tb5,on
0.108,tb5,on
0.18,tb5,on
0.089,tb5,on
0.081,tb5,on
0.101,tb5,on
0.11,tb5,on
0.131,tb5,on
0.042,tb5,on
0.035,tb5,on
0.188,tb5,on
0.119,tb5,on
0.167,tb5,on
0.102,tb5,on
0.103,tb5,on
0.097,tb5,on
0.083,tb5,on
0.065,tb5,on
0.088,tb5,on
0.892,tb5,on
0.089,tb5,on
0.081,tb5,on
0.143,tb5,on
0.043,tb5,on
0.035,tb5,on
0.22,tb5,on
0.092,tb5,on
0.126,tb5,on
0.117,tb5,on
0.072,tb5,on
0.058,tb5,on
0.129,tb5,on
0.089,tb5,on
0.635,tb5,on
0.182,tb5,on
0.112,tb5,on
0.034,tb5,on
0.05,tb5,on
0.042,tb5,on
0.043,tb5,on
0.021,tb5,on
0.029,tb5,on
0.035,tb5,on
0.035,tb5,on
0.096,tb5,on
0.168,tb5,on
0.169,tb5,on
0.116,tb5,on
0.09,tb5,on
0.294,tb5,on
0.048,tb1,stl
0.082,tb1,stl
0.058,tb1,stl
0.04,tb1,stl
0.057,tb1,stl
0.063,tb1,stl
0.057,tb1,stl
0.04,tb1,stl
0.033,tb1,stl
0.056,tb1,stl
0.296,tb1,stl
0.096,tb1,stl
0.024,tb1,stl
0.337,tb1,stl
0.042,tb1,stl
0.057,tb1,stl
0.041,tb1,stl
0.033,tb1,stl
0.125,tb1,stl
0.032,tb1,stl
0.022,tb1,stl
0.052,tb1,stl
0.058,tb1,stl
0.042,tb1,stl
0.078,tb1,stl
0.045,tb1,stl
0.092,tb1,stl
0.044,tb1,stl
0.571,tb1,stl
0.08,tb1,stl
0.038,tb1,stl
0.067,tb1,stl
0.361,tb1,stl
0.041,tb1,stl
0.035,tb1,stl
0.082,tb1,stl
0.092,tb2,stl
0.044,tb2,stl
0.048,tb2,stl
0.114,tb2,stl
0.07,tb2,stl
0.115,tb2,stl
0.052,tb2,stl
0.603,tb2,stl
0.08,tb2,stl
0.033,tb2,stl
0.102,tb2,stl
0.038,tb2,stl
0.044,tb2,stl
0.09,tb2,stl
0.072,tb2,stl
0.111,tb2,stl
0.057,tb2,stl
0.049,tb2,stl
0.361,tb2,stl
0.047,tb2,stl
0.459,tb2,stl
0.07,tb2,stl
0.034,tb2,stl
0.051,tb2,stl
0.142,tb2,stl
0.581,tb2,stl
0.028,tb2,stl
0.035,tb2,stl
0.531,tb2,stl
0.016,tb2,stl
0.043,tb2,stl
0.097,tb2,stl
0.095,tb2,stl
0.113,tb2,stl
0.079,tb2,stl
0.043,tb2,stl
0.061,tb2,stl
0.029,tb2,stl
0.055,tb2,stl
0.079,tb2,stl
0.04,tb2,stl
0.068,tb2,stl
0.049,tb2,stl
0.035,tb2,stl
0.063,tb2,stl
0.128,tb2,stl
0.059,tb2,stl
0.072,tb2,stl
0.082,tb2,stl
0.076,tb2,stl
0.064,tb2,stl
0.168,tb2,stl
0.064,tb2,stl
0.046,tb2,stl
0.056,tb2,stl
0.058,tb2,stl
0.042,tb2,stl
0.017,tb2,stl
0.449,tb2,stl
0.03,tb2,stl
0.059,tb2,stl
0.032,tb2,stl
0.055,tb2,stl
0.044,tb2,stl
0.308,tb2,stl
0.02,tb2,stl
0.043,tb3,stl
0.097,tb3,stl
0.095,tb3,stl
0.113,tb3,stl
0.079,tb3,stl
0.066,tb3,stl
0.071,tb3,stl
0.046,tb3,stl
0.058,tb3,stl
0.017,tb3,stl
0.086,tb3,stl
0.061,tb3,stl
0.029,tb3,stl
0.024,tb3,stl
0.055,tb3,stl
0.079,tb3,stl
0.04,tb3,stl
0.068,tb3,stl
0.049,tb3,stl
0.061,tb3,stl
0.205,tb3,stl
0.1,tb3,stl
0.055,tb3,stl
0.075,tb3,stl
0.035,tb3,stl
0.063,tb3,stl
0.637,tb3,stl
0.128,tb3,stl
0.059,tb3,stl
0.072,tb3,stl
0.111,tb3,stl
0.562,tb3,stl
0.058,tb3,stl
0.117,tb3,stl
0.027,tb3,stl
0.115,tb3,stl
0.076,tb3,stl
0.064,tb3,stl
0.062,tb3,stl
0.168,tb3,stl
0.064,tb3,stl
0.472,tb3,stl
0.165,tb3,stl
0.113,tb3,stl
0.072,tb3,stl
0.024,tb3,stl
0.197,tb3,stl
0.056,tb3,stl
0.058,tb3,stl
0.049,tb3,stl
0.042,tb3,stl
0.058,tb3,stl
0.11,tb3,stl
0.06,tb3,stl
0.035,tb3,stl
0.014,tb3,stl
0.082,tb3,stl
0.449,tb3,stl
0.03,tb3,stl
0.031,tb3,stl
0.047,tb3,stl
0.077,tb3,stl
0.069,tb3,stl
0.076,tb3,stl
0.024,tb3,stl
0.076,tb3,stl
0.032,tb3,stl
0.055,tb3,stl
0.038,tb3,stl
0.146,tb3,stl
0.049,tb3,stl
0.051,tb3,stl
0.037,tb3,stl
0.082,tb3,stl
0.083,tb3,stl
0.066,tb3,stl
0.057,tb3,stl
0.079,tb3,stl
0.08,tb3,stl
0.026,tb3,stl
0.125,tb3,stl
0.092,tb3,stl
0.082,tb3,stl
0.056,tb3,stl
0.071,tb3,stl
0.034,tb3,stl
0.13,tb3,stl
0.028,tb3,stl
0.043,tb3,stl
0.108,tb3,stl
0.058,tb3,stl
0.066,tb3,stl
0.042,tb3,stl
0.062,tb3,stl
0.09,tb3,stl
0.021,tb3,stl
0.012,tb3,stl
0.04,tb3,stl
0.092,tb3,stl
0.04,tb3,stl
0.052,tb3,stl
0.042,tb3,stl
0.02,tb3,stl
0.034,tb3,stl
0.07,tb3,stl
